episode,investor_return,fair_1_return,max_1_return,rnd_1_return
1,1418.15,2316.75,1461.6,1627.5
2,3110.9,1547.4,1050.45,2189.25
3,3525.5,1020.0,1407.0,1825.5
4,2834.3,1422.0,2765.7,2244.0
5,915.8,1318.5,2674.2,1687.5
6,1641.65,1218.75,3259.35,1688.25
7,792.4,1113.75,2675.85,1368.0
8,786.75,1700.25,3043.5,1831.5
9,2025.1,1005.75,4187.4,2385.75
10,1547.75,1161.75,4524.75,2247.75
11,2273.25,556.5,4309.5,2058.75
12,1039.25,1431.75,4869.75,2585.25
13,1316.75,1444.5,4405.5,2351.25
14,747.5,1589.25,4912.5,2724.75
15,79.05,2415.45,4909.5,2634.0
16,-750.4,3274.65,4023.75,1878.0
17,-281.65,2023.2,2927.7,1548.75
18,373.5,2367.0,4206.75,2478.75
19,1002.5,1476.0,4179.75,2283.75
20,35.15,2069.1,3538.5,2117.25
21,447.55,2415.0,4612.95,2374.5
22,345.0,2104.5,3768.75,2205.75
23,172.75,2509.5,4151.25,2566.5
24,455.05,2661.0,4825.2,2958.75
25,449.3,2852.7,3996.75,2285.25
26,186.5,2664.75,4725.75,2715.0
27,64.5,2437.5,4074.0,2658.0
28,178.8,2004.75,3502.95,2053.5
29,232.45,2402.55,3757.5,2413.5
30,-133.3,2655.6,3184.2,2143.5
31,-235.95,2816.25,3190.95,2160.75
32,699.3,2818.5,2565.45,2070.75
33,240.1,2745.9,3308.25,2607.75
34,880.75,1921.5,2665.5,1742.25
35,1220.6,1857.0,3105.9,2806.5
36,1575.6,1128.0,2985.9,1996.5
37,1667.5,1860.75,2814.0,2295.75
38,1465.55,1537.95,2856.75,2259.75
39,1548.8,1800.3,3331.65,2213.25
40,1380.45,2203.35,2209.2,2433.0
41,1008.35,2749.35,1591.05,2147.25
42,1411.65,2545.95,2071.65,2628.75
43,1791.5,1851.0,2301.0,2956.5
44,1530.35,2116.5,2558.4,2442.75
45,1435.4,2775.0,1694.1,2617.5
46,1217.55,3015.75,1450.2,2662.5
47,1634.3,2693.25,1931.7,2550.75
48,2006.3,2400.0,1515.45,2906.25
49,1392.05,2423.7,1377.75,3016.5
50,1507.9,2905.35,774.0,2328.75
51,1448.05,2933.25,756.45,2726.25
52,1328.25,2419.5,1312.5,3261.75
53,2194.8,2307.0,1076.7,2521.5
54,1634.7,2832.0,562.8,2650.5
55,1383.25,2777.25,1834.5,2589.0
56,1353.4,2127.6,684.0,2199.0
57,1602.05,2938.5,802.95,2956.5
58,1672.65,2610.75,1175.85,2778.75
59,1538.5,2800.5,1167.0,2754.0
60,1719.95,2691.0,864.3,2844.75
61,1949.3,2358.75,1272.45,2977.5
62,1943.7,2214.0,472.8,3097.5
63,2363.0,1788.0,1006.5,2830.5
64,2162.7,2373.75,1193.55,2730.0
65,1667.3,2805.75,1126.2,2682.75
66,2506.4,2025.0,656.1,2890.5
67,1753.45,2304.0,1338.3,3038.25
68,2152.9,2472.75,400.35,2910.0
69,1863.75,2384.25,874.5,2779.5
70,2635.35,1871.25,888.9,2704.5
71,2048.4,2131.5,575.85,2954.25
72,2449.2,1739.25,1388.55,2625.0
73,2441.85,1237.5,599.4,2309.25
74,2967.5,1454.25,630.0,2234.25
75,2767.55,1773.0,746.7,2742.75
76,2399.9,1914.0,702.6,3043.5
77,2587.1,1833.75,840.15,2469.0
78,2177.25,2431.5,598.5,2610.75
79,2048.0,2623.95,844.8,2699.25
80,1710.6,2478.0,890.4,3105.0
81,1814.35,2556.0,527.4,2858.25
82,2097.0,2381.25,777.75,2898.0
83,1964.9,2392.5,630.6,2982.0
84,2105.75,2373.75,589.5,2997.0
85,1810.8,2826.75,615.45,2673.0
86,2009.15,2777.25,826.35,2699.25
87,1807.85,2705.7,583.95,2926.5
88,1525.45,2944.95,655.35,2858.25
89,1057.65,3068.1,659.25,2955.0
90,1689.6,2321.25,1379.4,2973.75
91,2047.0,2133.45,1441.05,2764.5
92,2029.25,2414.7,991.8,2756.25
93,1599.25,2358.75,1028.25,3093.75
94,2884.85,1798.5,1095.15,2569.5
95,1827.4,1873.05,866.55,3087.0
96,1951.35,2466.15,509.25,2303.25
97,1012.75,3396.9,614.1,2996.25
98,1563.2,2189.4,917.4,3300.0
99,2131.55,2134.2,600.75,2881.5
100,1858.05,2403.45,609.0,3043.5
101,1958.45,2215.8,1314.0,2769.75
102,1764.2,2177.1,862.95,2175.75
103,2295.1,2266.5,513.15,2783.25
104,2747.7,2090.25,537.3,2670.75
105,1865.55,2543.25,643.2,2850.0
106,1801.3,2777.4,630.3,2661.0
107,1764.4,2879.25,766.35,2610.0
108,1904.25,2638.2,672.3,2951.25
109,2948.9,1720.65,745.95,2740.5
110,2413.2,1785.75,715.8,2873.25
111,2235.45,2306.25,470.55,2913.75
112,2244.6,2655.75,502.65,2661.0
113,1700.55,2532.75,615.45,3155.25
114,2419.45,2232.75,697.8,2760.0
115,2395.7,1660.5,1133.55,2990.25
116,2735.7,1950.0,564.3,2790.0
117,3144.8,1848.75,601.95,2296.5
118,2575.45,1778.25,867.3,3033.0
119,2623.95,1999.5,633.3,2657.25
120,2214.65,2332.5,515.1,2961.75
121,1987.15,2405.25,776.1,3067.5
122,2051.45,2363.7,656.1,2334.75
123,1731.85,2788.5,801.15,2770.5
124,1840.9,2993.7,768.9,2692.5
125,1099.4,3127.95,285.9,3468.75
126,2038.55,2443.5,631.95,2946.0
127,2365.95,1843.5,1303.8,2898.75
128,2673.6,1974.75,697.65,2748.0
129,1515.1,3062.25,678.9,2877.75
130,1671.25,3015.15,779.1,2638.5
131,1551.3,3139.65,615.3,2649.75
132,1291.3,3275.25,483.45,2910.0
133,1045.5,3453.3,486.45,2808.75
134,491.05,3820.2,884.25,2890.5
135,2063.25,2524.5,378.75,2845.5
136,1888.1,2569.8,434.1,2808.0
137,2089.2,2358.0,562.05,3174.75
138,2617.4,2529.75,461.85,2415.0
139,2193.55,2439.0,604.95,2800.5
140,2198.65,2565.75,409.35,2822.25
141,1845.8,2490.75,790.2,2843.25
142,1970.8,2621.25,794.7,2825.25
143,2081.95,2792.25,490.8,2511.0
144,1905.55,2736.75,699.45,2720.25
145,1649.7,2586.0,634.8,3199.5
146,3032.2,1942.5,445.8,2467.5
147,2595.1,1872.0,474.15,3042.75
148,2717.3,1833.75,853.95,2865.0
149,2674.9,1686.0,1175.85,2855.25
150,2510.3,2079.75,712.2,2769.75
151,1968.95,2364.75,745.8,3142.5
152,2166.95,2289.75,636.3,3195.0
153,2667.2,2007.0,606.3,2923.5
154,2685.3,1595.25,945.45,3090.0
155,3004.0,1695.0,580.5,2740.5
156,2370.55,2420.25,615.45,2745.75
157,1308.5,3092.7,557.55,2825.25
158,1175.55,3149.7,443.25,2773.5
159,698.95,3781.2,977.1,2574.75
160,1422.65,2837.7,540.9,3054.75
161,2486.75,2266.2,509.55,2497.5
162,2370.6,2294.25,970.65,2356.5
163,2236.05,2277.0,927.45,2965.5
164,2505.45,2374.2,474.6,2559.75
165,1369.0,3414.0,601.5,2533.5
166,1139.5,3399.6,432.15,2730.75
167,202.0,4218.9,506.85,2876.25
168,1083.65,3079.65,460.2,3088.5
169,1396.0,3288.75,453.0,2894.25
170,2277.75,2668.2,653.55,2536.5
171,3414.95,1731.75,493.8,2431.5
172,2881.55,1689.75,831.45,2999.25
173,2248.25,1729.5,1418.25,3060.0
174,2563.65,2077.5,509.1,2949.75
175,2434.3,2337.75,460.2,2793.75
176,2597.9,2103.0,539.1,2850.0
177,2568.7,1634.25,772.8,3092.25
178,2560.6,2136.75,466.65,2802.0
179,2008.9,2389.5,521.1,3058.5
180,1560.45,2456.25,627.3,3372.0
181,2093.45,2477.25,541.05,2900.25
182,2043.9,2667.0,471.6,2899.5
183,2228.7,2562.0,459.3,2838.0
184,2307.35,2431.5,511.65,2773.5
185,2550.35,2106.75,756.15,2898.75
186,3083.65,1459.5,572.1,2856.75
187,2711.2,1538.25,1375.05,2905.5
188,2997.9,1608.75,691.35,2940.0
189,3022.5,1589.25,1506.0,2618.25
190,2716.65,1866.75,656.1,2722.5
191,2446.0,2129.25,570.75,3000.0
192,2417.2,2315.25,620.55,2793.0
193,2237.8,2340.75,479.7,2847.75
194,1982.3,2676.0,414.45,2903.25
195,1746.2,2860.5,371.55,3063.75
196,2157.15,2456.25,361.35,3023.25
197,235.6,4216.95,909.45,3000.0
198,-612.2,2309.4,1077.3,1717.5
199,-325.45,3881.85,877.35,2462.25
200,2168.8,2751.75,537.45,2604.0
201,1988.95,2648.25,342.3,2962.5
202,2123.3,2551.5,381.45,2865.75
203,1940.35,2607.75,642.9,2895.0
204,1850.55,2588.7,672.0,3078.75
205,2131.6,2762.25,448.65,2827.5
206,2244.8,2254.5,475.95,2928.75
207,2413.05,2119.5,721.95,2971.5
208,2534.9,2099.25,461.85,3000.0
209,3134.4,1695.0,466.35,2846.25
210,2717.75,1539.0,785.25,3198.0
211,2877.95,1555.5,656.55,2820.0
212,3377.25,1254.0,804.0,2736.75
213,2416.5,2029.5,416.25,3063.75
214,2483.65,2234.25,725.1,2739.0
215,2594.85,2351.25,432.15,2559.75
216,2019.0,2480.7,427.8,2992.5
217,2280.4,2404.5,454.35,2880.75
218,1776.9,2416.5,552.6,3420.0
219,2300.85,2529.75,632.4,2745.0
220,2156.4,2469.75,664.35,2953.5
221,1772.05,2412.0,596.7,3395.25
222,2298.4,2286.0,724.35,2789.25
223,2826.25,2034.0,599.25,2812.5
224,3076.1,1925.25,536.4,2546.25
225,2256.45,2264.25,1226.55,2898.75
226,1861.2,2472.75,1298.55,3037.5
227,2068.6,2305.5,621.9,3120.0
228,2133.4,2454.0,725.85,2868.75
229,2080.05,2491.5,475.95,3130.5
230,2177.0,2474.7,349.8,2950.5
231,2285.45,2208.0,488.55,3180.0
232,2690.7,2122.5,436.8,2952.0
233,3156.25,1695.0,605.25,2791.5
234,3236.45,1527.75,460.8,2727.0
235,2434.85,1474.5,568.65,2490.0
236,2739.8,1571.25,416.7,2720.25
237,2763.7,1539.75,374.55,3180.0
238,3100.8,1541.25,1363.95,2676.0
239,2743.2,1676.25,555.3,3191.25
240,2436.6,2232.0,498.9,2938.5
241,2676.5,2413.5,505.5,2356.5
242,2742.35,2378.25,455.4,2550.0
243,1816.15,2613.75,548.85,3191.25
244,2237.95,2670.0,400.05,2700.0
245,2238.95,2459.25,295.05,2868.75
246,1822.75,2645.25,546.75,3035.25
247,2075.85,2771.25,582.9,2832.0
248,1887.35,2642.25,371.4,3075.0
249,2551.95,2212.5,467.55,2826.0
250,2856.25,1878.75,613.5,2893.5
251,2788.9,2050.5,779.1,2941.5
252,1978.55,1985.25,1185.45,3408.75
253,2856.4,1824.0,527.85,2679.75
254,2605.15,2130.75,671.85,2876.25
255,2344.8,2145.75,664.2,2915.25
256,2210.35,2246.25,837.15,3086.25
257,2485.55,2178.75,364.2,2773.5
258,2468.0,1836.75,482.25,2487.0
259,2115.15,2169.0,509.85,3246.0
260,2614.9,2067.0,446.1,2886.0
261,2364.85,2335.5,641.4,2750.25
262,2077.45,2379.0,397.8,3183.75
263,2752.6,2197.5,554.4,2695.5
264,2640.75,2070.0,830.25,2691.0
265,2613.5,2014.5,456.75,2855.25
266,2493.2,2176.5,391.05,3053.25
267,3238.3,1652.25,323.7,2913.75
268,3504.9,1465.5,468.6,2625.0
269,3276.65,1614.0,318.6,2802.75
270,3391.05,1662.0,931.95,2595.0
271,2455.15,1979.25,470.85,2688.75
272,3174.05,1821.75,565.95,2576.25
273,2049.9,2439.75,506.1,3056.25
274,2023.55,2553.0,286.95,2746.5
275,2203.25,2334.0,435.75,3165.0
276,2182.35,2073.75,537.15,2574.75
277,2146.0,2708.25,387.75,2814.0
278,2570.8,2412.0,364.95,2786.25
279,3106.7,1984.5,444.3,2458.5
280,2553.3,2193.0,382.2,2947.5
281,2187.1,2238.0,527.4,3271.5
282,2217.45,2537.25,508.05,2891.25
283,1984.15,2908.5,316.35,2847.0
284,1543.35,2750.25,545.4,3261.0
285,2381.65,2321.25,449.85,2993.25
286,2400.15,2244.75,563.1,2688.0
287,1946.4,2176.2,528.15,3161.25
288,2334.5,2541.0,300.0,2872.5
289,2909.85,2018.25,402.9,2859.0
290,3381.5,1304.25,484.5,2943.75
291,3156.75,1895.25,1021.5,2536.5
292,3007.95,1922.25,597.3,2542.5
293,2899.4,1791.75,584.1,2538.75
294,2660.95,2082.75,711.3,2745.0
295,3018.1,2115.75,312.15,2640.0
296,2726.65,1940.25,511.35,3105.75
297,3334.65,1860.0,625.35,2538.0
298,2475.9,2294.25,477.6,2876.25
299,1489.5,2925.0,476.25,2747.25
300,762.75,3492.45,382.8,2760.0
301,2284.6,2134.5,726.15,2832.75
302,1334.75,2805.0,426.0,3302.25
303,2016.35,2353.5,477.9,3296.25
304,2256.55,1794.75,370.95,2583.75
305,2660.35,1911.0,402.15,2428.5
306,3085.0,1950.0,259.5,2881.5
307,2515.85,2021.25,525.15,3063.75
308,2936.4,1599.0,391.35,2267.25
309,2792.15,1830.0,442.35,3061.5
310,2651.15,1903.5,329.85,3097.5
311,2472.3,2031.0,392.7,3180.0
312,2567.1,2154.0,363.9,2985.0
313,2602.5,2007.0,403.5,2979.0
314,3429.45,1515.0,452.55,2595.0
315,3260.85,1623.0,721.65,2626.5
316,2987.6,1654.5,565.65,3056.25
317,3257.6,1520.25,387.9,2996.25
318,2756.95,1877.25,437.55,3098.25
319,2544.15,2137.5,495.6,3048.75
320,2924.35,1908.75,338.4,2932.5
321,3124.6,1571.25,336.9,3131.25
322,2893.85,1820.25,376.65,3011.25
323,2210.85,1834.5,490.65,3036.0
324,2628.7,2188.5,369.3,2941.5
325,2949.75,2277.0,326.25,2655.0
326,3189.35,1875.0,466.65,2715.0
327,3180.8,1850.25,522.45,2728.5
328,2810.3,1757.25,516.45,3180.0
329,2747.0,1888.95,300.3,3123.75
330,3025.4,1966.5,408.6,2713.5
331,2730.5,2094.75,483.0,2793.75
332,2423.35,2195.25,510.15,3131.25
333,2915.4,1713.0,527.85,3123.75
334,3059.6,1527.0,320.4,3165.0
335,2917.55,1839.0,458.7,2964.75
336,2543.0,1993.2,388.8,3153.0
337,2419.95,2040.0,361.05,3075.0
338,2865.6,1914.0,376.65,2745.75
339,2118.6,2139.75,1371.9,3093.75
340,2472.15,2076.75,1447.35,2793.75
341,2503.0,2157.75,371.25,3018.0
342,2736.35,1851.75,374.4,2707.5
343,2954.6,1864.5,480.15,2958.75
344,3203.65,2068.5,280.35,2527.5
345,2433.4,1951.5,254.85,2780.25
346,2749.7,2150.25,211.8,2870.25
347,2621.5,2118.0,327.0,3097.5
348,2951.65,1845.75,840.6,2832.0
349,2700.25,1929.75,535.5,3046.5
350,2318.4,2232.75,1547.1,2853.75
351,2721.25,1935.0,362.25,3115.5
352,2943.25,1986.75,484.5,2887.5
353,2963.85,2004.75,278.4,2805.0
354,3279.45,2016.0,445.05,2407.5
355,2545.6,2090.25,295.65,3202.5
356,2270.0,2340.0,1014.0,3000.0
357,2622.15,2013.75,686.85,3065.25
358,3009.75,1808.25,478.5,2299.5
359,2755.65,1660.5,338.1,3303.75
360,2798.8,1670.25,381.45,3307.5
361,2669.5,1748.25,1062.0,2972.25
362,2743.05,1974.0,350.7,3092.25
363,2884.95,2055.0,389.55,2812.5
364,2737.35,1785.75,633.9,3225.0
365,3156.7,1781.25,295.05,2985.0
366,2912.05,1953.75,312.45,2949.75
367,3422.55,1711.5,256.95,2715.0
368,3338.85,1378.5,1060.65,2790.0
369,3607.15,1169.25,377.1,2926.5
370,3855.7,1100.25,403.8,2756.25
371,3004.45,1643.25,338.55,3123.75
372,3366.55,1665.0,389.7,2766.75
373,1735.75,2796.0,544.5,3255.75
374,1392.6,2268.0,1245.15,2576.25
375,2572.8,1848.75,787.95,3046.5
376,2500.2,1849.5,390.3,3420.0
377,2401.45,2442.0,511.8,2898.75
378,2773.75,2001.75,293.25,3011.25
379,2656.65,1977.75,611.1,2962.5
380,2231.9,1491.75,752.1,2216.25
381,2966.9,1782.75,362.1,2846.25
382,2566.35,2031.75,458.4,3157.5
383,2150.75,2205.75,297.75,3321.75
384,2929.85,2296.5,373.65,2298.0
385,2172.15,2154.0,374.1,3123.75
386,2124.95,2296.95,338.85,3053.25
387,1855.8,2395.5,406.2,3460.5
388,1929.45,2534.25,565.05,3143.25
389,2289.8,2597.25,318.45,2842.5
390,2663.45,2089.5,277.05,3120.0
391,2941.15,1956.75,307.35,2988.75
392,3260.6,1710.0,243.15,2846.25
393,2849.65,2073.75,321.6,2985.0
394,2773.4,2208.75,322.35,2857.5
395,2551.05,2508.75,263.7,2734.5
396,2126.85,2816.25,235.65,2951.25
397,2338.15,2784.0,276.6,2555.25
398,1736.85,2806.5,441.9,2952.75
399,2079.4,2612.25,375.6,2964.75
400,1651.3,2310.0,598.95,2763.75
401,2460.45,2337.75,344.55,2741.25
402,2627.95,2239.5,335.55,2805.0
403,2784.2,2295.0,445.05,2733.75
404,3473.05,1927.5,409.2,2384.25
405,3270.05,1715.25,503.7,2715.0
406,3480.7,1777.5,373.8,2610.0
407,2694.9,1927.5,338.1,3169.5
408,2789.45,1954.5,358.8,3041.25
409,2759.8,1647.0,1093.2,3120.0
410,3429.95,1541.25,496.05,2736.75
411,2732.05,1650.0,623.7,3416.25
412,3023.3,1760.25,362.7,3021.75
413,3136.15,1831.5,446.85,2887.5
414,2739.5,2154.0,289.5,3045.0
415,3018.6,1827.75,303.9,3093.75
416,2796.5,1797.0,769.5,2829.0
417,2715.3,1917.0,332.7,3165.0
418,2817.5,2133.0,337.5,2940.0
419,2226.8,2349.0,417.45,3018.75
420,2299.05,2506.5,557.7,2928.75
421,2130.35,2423.25,873.9,2902.5
422,2673.0,2065.5,1070.25,2831.25
423,2998.0,1605.0,295.5,2953.5
424,3690.35,1125.0,1026.9,2823.75
425,3747.85,1280.25,290.4,2791.5
426,3260.0,1518.75,375.0,2546.25
427,3211.9,1803.0,415.35,2793.75
428,3382.25,1689.0,421.5,2771.25
429,3056.5,1698.0,586.5,3045.0
430,2815.9,1598.7,421.65,3273.75
431,2690.75,2064.0,341.25,2970.0
432,3892.5,1500.0,280.5,2535.0
433,3290.05,1527.75,466.2,3000.0
434,3138.35,1966.5,366.15,2535.0
435,2479.85,2523.0,302.4,2844.75
436,2836.85,2356.5,346.65,2628.0
437,2818.9,1684.5,662.1,3142.5
438,2732.75,1145.25,2151.75,3278.25
439,3718.2,1203.75,394.8,2897.25
440,3238.55,1620.0,493.95,2977.5
441,3203.8,1719.0,391.2,2874.0
442,2928.35,1387.5,437.4,2718.75
443,3987.25,570.75,987.0,3015.0
444,3267.3,1236.75,336.45,3337.5
445,3454.25,1290.0,487.5,3086.25
446,3199.5,1867.5,450.0,2775.0
447,2107.6,2849.25,349.65,2851.5
448,2229.05,2826.0,775.95,2595.0
449,1800.55,2646.75,812.7,2550.0
450,2532.35,2654.25,336.15,2597.25
451,1774.7,2735.25,394.05,3270.0
452,3313.9,1481.25,325.35,2977.5
453,2947.0,1406.25,354.0,2688.75
454,3156.6,1512.75,329.4,3101.25
455,3338.25,1482.75,471.0,3000.0
456,3659.85,1425.75,261.9,2782.5
457,3520.15,1530.0,440.1,2823.75
458,3623.1,1410.0,323.4,2497.5
459,3077.3,1404.75,568.95,3195.0
460,3377.35,1352.25,383.4,3045.0
461,3334.8,1665.0,435.45,2868.75
462,3026.85,1801.5,301.65,3030.0
463,3203.55,1920.0,714.45,2598.0
464,3063.75,1773.75,436.5,2970.0
465,3160.55,1769.25,364.2,2658.0
466,2445.2,2298.75,292.8,3131.25
467,3175.75,1896.0,481.5,2700.75
468,2723.25,1476.0,1057.5,3347.25
469,3040.55,1472.25,526.2,3255.0
470,3201.7,1331.25,328.05,2685.0
471,3223.2,1179.0,790.05,2253.75
472,2881.05,1331.25,379.2,2452.5
473,3472.05,1515.0,1198.95,2640.0
474,2940.5,1445.25,341.25,2715.0
475,2427.3,1098.75,452.7,2411.25
476,2885.4,1260.0,456.6,2430.0
477,3239.85,1467.75,794.4,3000.0
478,3340.9,1468.5,293.85,3018.75
479,3052.95,1431.0,334.05,3270.0
480,2936.4,1449.75,344.1,2463.75
481,3223.05,1555.5,368.7,2628.75
482,3175.25,1479.0,369.75,3210.0
483,3103.85,1208.25,771.9,3378.0
484,3238.9,900.0,1755.6,2761.5
485,4214.7,1158.0,372.3,2535.0
486,2616.55,1260.0,790.95,2812.5
487,2455.25,1396.5,1435.5,2688.75
488,3048.8,1295.25,524.7,2711.25
489,2642.0,1188.75,1160.25,2565.0
490,2958.5,1177.5,312.0,2580.0
491,3518.9,1284.0,488.85,2918.25
492,2945.4,1634.25,268.35,2880.0
493,3049.5,1725.0,394.5,3057.0
494,3932.2,1230.0,295.8,2760.0
495,3022.7,1293.75,535.8,2883.75
496,4309.4,912.0,303.6,2625.0
497,3755.3,727.5,955.2,3090.0
498,3675.25,1121.25,598.5,2925.0
499,3754.25,1008.75,505.5,3037.5
500,3718.65,940.5,370.35,2374.5
501,3817.15,1074.0,842.1,2958.75
502,3681.05,774.0,292.2,2244.75
503,3625.8,966.75,264.45,3255.0
504,4014.4,1038.75,332.85,2820.0
505,3928.75,1065.0,433.5,2874.75
506,3588.45,1125.75,353.55,3116.25
507,3717.85,1072.5,365.4,3002.25
508,3551.9,960.0,566.85,3281.25
509,3908.6,1196.25,558.15,2607.0
510,2889.55,1455.0,589.95,3577.5
511,2714.0,1194.0,2160.75,3143.25
512,2958.4,939.75,551.1,2454.75
513,4296.15,945.0,1274.85,3090.0
514,4633.0,645.0,1620.0,2820.0
515,5239.75,255.0,1938.75,3142.5
516,4876.25,300.0,2098.5,3401.25
517,4690.5,611.25,1858.5,3183.75
518,3845.75,900.0,327.75,3142.5
519,3554.8,750.0,764.7,3382.5
520,3424.0,496.5,2158.5,2205.0
521,3667.0,1149.0,1819.5,2542.5
522,2780.7,1743.75,341.55,3270.0
523,3085.75,1710.0,553.5,3150.75
524,2982.75,1800.0,318.75,3112.5
525,3394.0,1856.25,345.0,2628.75
526,2457.8,1980.0,286.95,3437.25
527,2911.75,1920.0,295.5,3048.75
528,3480.1,1457.25,416.4,2582.25
529,3470.5,1275.0,939.0,2911.5
530,4006.0,993.75,1023.75,2962.5
531,3862.55,1260.0,1435.2,2756.25
532,3559.9,1477.5,404.85,2649.75
533,3421.8,1786.5,351.45,2636.25
534,2753.3,1561.5,335.7,2791.5
535,3295.9,1485.0,254.1,3165.0
536,3635.55,1380.0,416.7,2913.75
537,3293.8,1582.5,610.95,3048.75
538,3808.2,1530.0,423.3,2632.5
539,3153.0,1591.5,850.5,2925.0
540,3125.75,1490.25,471.0,2787.0
541,3800.5,1245.0,420.0,2896.5
542,3472.7,951.0,326.55,2835.75
543,2992.85,808.5,1806.9,2229.75
544,3938.05,618.75,770.7,2452.5
545,3774.8,498.75,496.95,2401.5
546,3419.85,423.75,452.4,2556.0
547,3788.0,341.25,1975.5,2621.25
548,4154.1,296.25,792.15,2167.5
549,2946.1,854.25,1668.15,3157.5
550,3619.35,1200.0,541.65,3075.0
551,3751.9,1098.0,656.85,2801.25
552,3367.4,1047.0,345.6,3390.0
553,2863.05,1163.25,294.45,2621.25
554,3763.0,1230.0,303.0,2910.0
555,3866.3,1076.25,947.7,2823.75
556,3558.75,1132.5,945.75,2505.0
557,3707.2,1190.25,369.3,2597.25
558,4316.85,885.75,578.4,2685.0
559,3444.15,652.5,461.1,2366.25
560,3606.85,652.5,959.4,2711.25
561,3759.2,714.0,1555.8,3045.0
562,4447.05,731.25,227.7,2850.0
563,3963.3,1113.75,223.95,2895.0
564,3668.7,1179.0,247.8,3112.5
565,4214.0,933.0,312.0,2679.0
566,3843.1,997.5,375.9,3001.5
567,3636.05,1195.5,274.2,3026.25
568,3359.0,826.5,2218.5,3210.0
569,3311.5,675.0,2407.5,3360.0
570,3732.8,773.25,776.7,3131.25
571,3057.1,1074.0,2241.9,3255.0
572,3602.5,1224.0,463.5,3090.0
573,3803.8,1305.0,328.95,2756.25
574,3432.0,1507.5,493.5,2925.0
575,3355.35,1092.0,527.4,2711.25
576,3811.25,855.0,961.5,3056.25
577,3964.85,675.75,1070.4,2343.0
578,3559.0,356.25,1689.0,2703.75
579,4427.25,480.0,642.75,2880.0
580,3543.25,1025.25,411.0,3100.5
581,2514.0,570.0,3595.5,2602.5
582,3677.5,1290.0,300.0,2872.5
583,3132.65,1876.5,367.35,2767.5
584,2506.85,2010.75,404.4,3300.0
585,2804.75,1803.0,365.25,3165.0
586,2967.05,1497.75,565.2,3300.0
587,3458.25,1326.0,490.5,2891.25
588,3870.55,900.0,472.2,2585.25
589,3354.2,744.75,332.55,2740.5
590,3325.2,765.0,1042.05,2433.75
591,3006.25,855.0,1488.75,3450.0
592,2111.55,986.25,1600.2,2700.0
593,3864.85,581.25,410.4,3127.5
594,3590.75,855.75,436.5,3375.0
595,3842.05,1044.0,459.45,2662.5
596,3441.75,978.75,366.75,3018.75
597,3791.25,930.0,420.0,3138.75
598,4251.25,465.0,867.75,3180.0
599,4164.25,746.25,863.25,2852.25
600,3828.35,926.25,279.15,3026.25
601,2428.95,820.5,2336.55,2430.0
602,4056.95,847.5,706.05,2707.5
603,3559.55,1350.75,584.7,2895.0
604,2547.9,2220.0,320.1,3150.0
605,2284.95,2454.0,286.8,3086.25
606,2148.4,2602.5,356.1,3063.0
607,1706.3,2640.0,356.7,3075.0
608,2253.5,2835.0,342.0,2527.5
609,1340.05,3135.0,364.95,3378.0
610,1704.45,3067.5,319.05,3105.0
611,1053.85,2412.0,285.9,2306.25
612,1134.5,3087.0,327.0,2767.5
613,1068.3,3493.65,1154.55,2323.5
614,490.5,3057.75,447.75,2718.0
615,1820.0,2924.1,369.15,2670.75
616,2347.85,2559.0,345.9,2927.25
617,1795.45,2148.75,295.8,2190.0
618,1760.9,2579.25,299.1,2658.75
619,2228.55,2850.0,339.45,2820.0
620,2095.75,2776.5,351.75,2880.0
621,1422.3,3153.0,292.95,3093.75
622,2026.85,3108.0,505.65,2611.5
623,1810.3,3226.5,363.45,2733.75
624,415.1,3961.95,1360.95,2820.0
625,368.3,4258.2,1253.25,2636.25
626,55.75,4205.25,1749.75,2441.25
627,46.75,3028.65,740.85,2103.75
628,530.75,4121.25,1437.0,2685.0
629,840.15,3828.0,754.35,2467.5
630,812.05,3562.5,1066.95,2632.5
631,-533.85,3839.1,2297.25,2503.5
632,85.8,3999.0,1726.2,2505.0
633,-97.85,2511.0,707.1,1497.75
634,-1650.85,4743.0,4116.6,2849.25
635,-10.8,2974.8,1161.75,1730.25
636,89.45,2223.6,854.7,1268.25
637,-127.1,2010.6,681.75,1266.75
638,298.35,2891.85,643.05,2046.75
639,271.65,1593.15,317.7,1603.5
640,1667.85,2301.75,474.9,2407.5
641,2034.55,2760.0,351.45,3060.0
642,2070.75,3018.75,298.5,2790.0
643,1921.8,2977.5,322.95,2973.75
644,2102.25,2668.5,248.25,3075.0
645,2551.15,2388.75,314.1,2970.0
646,2222.25,2629.5,303.75,2902.5
647,2369.65,2484.75,297.6,2988.0
648,2024.35,2725.5,288.9,3101.25
649,2210.55,2494.5,643.2,3015.75
650,1812.35,2532.0,556.65,2655.0
651,2044.4,2535.0,383.1,2677.5
652,1984.25,2331.75,484.5,2437.5
653,2440.1,2931.0,292.65,2486.25
654,1579.05,2898.0,438.45,3382.5
655,2318.3,2779.5,373.2,2685.0
656,2359.6,2907.0,524.4,2565.0
657,1987.45,2612.25,439.8,2422.5
658,1615.35,3058.5,367.65,3112.5
659,1647.75,3120.75,396.0,2827.5
660,1852.8,3191.7,541.5,2760.0
661,1284.45,2797.5,539.55,2614.5
662,1329.4,3099.0,563.85,2523.75
663,1252.8,2869.95,452.25,2295.0
664,947.2,2648.85,370.2,2355.75
665,617.15,2933.4,319.2,2396.25
666,816.65,3089.85,349.5,2730.0
667,731.0,3183.45,369.3,3086.25
668,1595.4,3155.25,695.85,2437.5
669,1442.15,3441.0,582.6,2846.25
670,1306.0,2907.75,391.5,2568.75
671,1594.2,3211.2,319.35,2801.25
672,1749.6,3220.5,260.4,2803.5
673,1340.1,3295.2,335.7,3225.0
674,1796.8,3239.25,304.2,2781.75
675,1482.85,2813.85,289.8,3127.5
676,1866.75,2863.65,374.85,2898.75
677,1539.95,3010.35,375.45,2846.25
678,1320.05,3299.7,579.75,2614.5
679,1142.3,2915.25,372.45,2670.0
680,1041.65,3244.5,413.1,2658.75
681,753.0,2912.25,856.5,2606.25
682,1151.15,3345.3,420.3,2651.25
683,526.0,3363.45,568.8,2349.75
684,800.35,2568.45,384.45,2076.75
685,869.25,3175.35,711.15,2426.25
686,263.75,3881.85,574.65,2529.75
687,660.75,3037.35,342.9,2883.0
688,731.6,3096.6,254.55,2825.25
689,653.3,2953.05,368.4,2735.25
690,487.55,3645.9,344.55,2862.0
691,179.1,3052.8,322.35,2379.75
692,326.8,3258.75,304.95,2557.5
693,382.45,2880.0,361.05,2692.5
694,808.1,3967.2,409.2,3007.5
695,860.2,3561.0,316.8,3450.0
696,1055.05,3249.9,388.8,3146.25
697,1257.45,3470.25,618.3,3000.0
698,951.5,3491.85,374.4,2882.25
699,526.85,3372.0,600.15,2295.0
700,423.3,3285.9,860.55,2252.25
701,606.85,3730.2,844.95,2490.0
702,777.8,2944.2,270.75,2621.25
703,903.95,3363.15,372.9,2628.0
704,301.1,2996.85,505.8,2342.25
705,1521.15,2736.6,267.0,2627.25
706,1639.45,3266.1,538.2,2792.25
707,1126.55,3843.45,276.0,2820.0
708,1308.05,2707.8,362.4,2241.75
709,630.25,2704.5,417.0,2690.25
710,424.85,4236.9,1414.5,3075.75
711,134.15,3990.6,1266.75,2932.5
712,-350.65,4282.2,2067.45,2565.0
713,399.8,4322.7,270.0,2917.5
714,159.0,3804.0,785.25,2493.75
715,1056.1,4128.15,383.25,2482.5
716,767.25,3840.75,303.0,2685.0
717,682.25,2685.45,352.8,2515.5
718,584.95,3873.3,459.75,2676.0
719,983.45,3784.5,288.3,3063.75
720,830.6,3814.5,312.9,3060.0
721,1813.75,3288.75,343.5,2760.0
722,2193.35,2286.0,310.65,3360.0
723,1735.65,3521.7,307.65,2565.0
724,195.9,3026.85,1021.5,2253.75
725,1532.75,3397.5,460.5,2381.25
726,1179.7,3036.3,270.75,2879.25
727,562.35,3034.65,291.75,2231.25
728,647.8,3841.35,461.85,2715.0
729,314.55,3639.75,272.7,2907.0
730,-142.3,2663.25,356.55,2152.5
731,308.2,2107.05,430.5,2450.25
732,573.5,2422.35,324.15,2154.0
733,-328.35,2759.55,352.8,2670.0
734,-91.35,3082.65,310.2,2152.5
735,957.6,2754.9,350.25,3023.25
736,802.95,3550.35,457.2,2887.5
737,767.0,4385.85,560.4,2658.75
738,-165.9,3414.75,513.9,2417.25
739,379.5,3005.1,375.9,2917.5
740,832.9,3306.15,691.95,2715.0
741,634.4,3201.75,459.6,2606.25
742,363.2,3056.85,546.45,2965.5
743,217.35,2496.3,388.35,1872.0
744,1229.05,2487.45,777.75,1167.75
745,909.55,2967.45,613.5,2467.5
746,852.95,3064.65,483.9,2758.5
747,229.3,3645.45,518.25,3285.0
748,-2.45,4150.95,1280.25,2771.25
749,-668.0,4847.1,1774.65,2906.25
750,-138.3,3945.3,1110.0,2745.0
751,-277.25,4022.7,838.8,2853.75
752,-123.55,2402.1,304.95,2146.5
753,521.75,2976.6,1314.9,2334.75
754,190.15,3781.5,590.85,2047.5
755,215.3,3076.5,354.45,2655.75
756,-80.15,2968.95,592.2,2805.0
757,541.85,3180.0,551.4,2988.75
758,160.55,2856.3,287.4,2217.75
759,-157.0,2113.8,265.95,2573.25
760,342.15,1814.4,427.95,2395.5
761,648.0,2401.8,589.2,2325.0
762,-41.55,3546.45,261.6,2257.5
763,712.0,4307.7,373.05,2705.25
764,701.6,3187.2,719.7,2155.5
765,523.65,2953.95,651.15,2711.25
766,597.75,2859.0,546.0,2441.25
767,822.3,3288.6,1058.85,2066.25
768,477.8,3379.2,673.5,2857.5
769,775.7,2856.6,359.7,2280.0
770,976.3,2816.1,498.6,2727.0
771,1189.15,3185.55,260.55,3078.75
772,946.15,3683.85,784.5,2587.5
773,870.8,2918.1,664.35,2400.75
774,524.35,3142.65,626.25,2508.75
775,343.0,2775.9,665.1,3270.0
776,717.15,2870.4,595.95,2602.5
777,982.7,2461.05,587.25,2145.0
778,915.35,2932.5,1017.15,2295.0
779,960.15,3062.7,640.65,2662.5
780,595.45,2589.3,483.0,3266.25
781,371.35,2908.2,504.45,3570.0
782,517.25,3267.45,723.3,2568.0
783,578.65,2748.15,773.7,2557.5
784,514.4,2900.7,497.4,2437.5
785,651.05,2643.0,794.7,2141.25
786,298.3,3344.7,476.25,2316.75
787,516.75,2702.4,769.35,2287.5
788,609.7,2337.0,1069.05,2042.25
789,484.35,3242.7,1113.45,2887.5
790,1191.4,2647.05,675.3,2246.25
791,780.9,1827.6,776.25,2411.25
792,1360.9,2899.95,402.15,2805.0
793,857.55,1668.0,768.45,2772.0
794,1342.1,2567.25,869.4,2345.25
795,2282.95,2923.95,593.1,2910.0
796,1117.85,2517.15,456.0,3003.0
797,2850.7,2373.0,561.3,2535.0
798,2108.65,2104.2,349.65,3277.5
799,2228.6,2296.8,665.1,2773.5
800,1732.65,2509.8,427.8,3063.75
801,1984.95,2070.3,488.25,2992.5
802,1644.45,1716.3,444.75,2512.5
803,1035.55,2612.85,856.35,3041.25
804,486.5,3088.2,680.55,3228.75
805,751.45,2957.1,923.7,2973.75
806,556.4,3296.1,529.5,3060.0
807,508.0,3718.65,425.85,2797.5
808,281.7,3868.95,453.6,2847.75
809,-250.7,4417.05,384.9,3048.75
810,442.9,2709.75,383.85,2935.5
811,53.4,3706.5,514.35,2973.75
812,187.85,3348.3,470.1,3033.75
813,667.65,3678.9,582.45,2985.0
814,507.35,3412.2,485.7,3120.75
815,1064.6,2921.85,468.3,2711.25
816,648.7,2384.1,902.7,3202.5
817,718.7,2912.25,862.05,2985.0
818,1243.95,2751.3,951.0,2763.75
819,976.2,2373.0,714.3,2932.5
820,616.5,2876.85,480.15,2512.5
821,-169.05,4405.8,1438.5,2886.75
822,349.3,2905.65,546.3,2712.75
823,212.55,3352.2,380.25,2625.0
824,121.9,2049.75,304.35,2430.0
825,25.7,2790.0,322.8,2467.5
826,211.1,2867.4,381.0,2470.5
827,152.7,3349.8,403.5,3030.0
828,473.85,2046.75,329.4,3150.0
829,1343.9,2910.3,544.8,2541.0
830,479.0,3233.25,372.75,3165.0
831,1011.45,3133.35,509.7,2887.5
832,312.9,3198.3,964.8,2760.0
833,806.85,2862.3,776.85,3030.0
834,684.25,2408.25,892.5,2895.0
835,716.1,2448.15,846.75,2775.0
836,576.4,2214.15,325.95,2539.5
837,761.8,3058.35,463.35,2212.5
838,147.75,2413.2,439.8,2471.25
839,180.45,2480.1,1003.2,2792.25
840,431.85,2208.0,934.65,2833.5
841,250.75,2595.9,415.35,3030.0
842,1045.0,2331.75,831.75,3055.5
843,1194.1,2634.0,559.65,2810.25
844,832.65,1980.6,270.0,3018.75
845,1238.05,2299.8,818.4,2535.75
846,1307.05,2652.15,290.55,3092.25
847,1097.7,2615.4,360.9,2790.0
848,1441.3,2820.9,391.8,2652.0
849,1370.5,2766.6,646.65,2642.25
850,1288.7,2477.1,418.95,2549.25
851,765.3,1795.2,948.75,3126.75
852,1051.1,1496.7,826.95,2837.25
853,388.9,1980.6,307.5,3207.0
854,683.0,2695.2,560.55,2873.25
855,305.05,1473.9,388.8,3452.25
856,706.55,2378.55,210.15,2622.75
857,1292.85,4197.9,825.0,2846.25
858,1244.95,2493.3,858.75,2295.0
859,709.8,2590.05,332.4,2049.75
860,1196.05,2471.85,915.6,2758.5
861,1680.55,2870.25,293.7,2659.5
862,1221.1,2053.2,708.45,2003.25
863,1022.9,2476.8,710.55,2931.75
864,815.2,2995.5,433.05,2546.25
865,853.35,2531.7,689.7,3101.25
866,742.4,2446.35,807.0,2696.25
867,878.65,2865.0,520.35,2850.0
868,1031.75,3269.25,1222.5,2692.5
869,787.5,2960.25,515.25,3045.0
870,816.6,2917.2,790.2,3030.0
871,1163.0,2140.65,381.6,3168.75
872,2083.3,2064.45,600.0,3086.25
873,1829.5,1480.65,226.35,2899.5
874,1904.45,2203.05,872.25,3122.25
875,1375.85,2551.65,415.5,2895.0
876,853.05,2765.25,386.7,3105.0
877,1045.65,1995.3,451.05,2484.0
878,602.35,2798.55,599.1,2370.0
879,908.5,2656.65,431.85,2805.0
880,695.85,2601.9,282.0,3158.25
881,1531.75,3550.95,888.3,2595.0
882,688.35,2287.2,270.45,3480.0
883,1129.1,2612.55,574.35,3030.0
884,1135.6,2423.1,370.8,3190.5
885,2131.5,2610.3,504.45,2535.75
886,1864.0,2472.6,905.4,2610.0
887,1037.75,3173.1,540.15,2925.0
888,985.2,2896.05,664.5,2444.25
889,1146.5,2986.65,330.6,2906.25
890,2018.8,2460.45,723.0,2853.75
891,2301.2,1918.2,296.85,2973.75
892,1440.7,1614.3,396.75,3476.25
893,2679.25,1741.35,800.4,2775.0
894,2351.2,2374.05,1427.25,2317.5
895,2005.25,1987.8,1066.2,2958.75
896,1464.2,798.3,927.0,2746.5
897,2047.2,1688.1,1381.2,2677.5
898,863.8,1108.8,549.15,3062.25
899,1331.7,2205.3,1623.0,2610.0
900,1662.6,1934.7,1330.2,2602.5
901,1304.35,2408.55,890.1,2805.0
902,1787.55,926.55,402.9,3075.0
903,1395.9,1826.1,684.0,3330.0
904,798.65,1022.85,827.25,3311.25
905,1725.05,1888.2,1128.75,2730.0
906,1712.45,1837.65,1205.4,2890.5
907,1516.55,918.0,834.45,2025.0
908,1432.1,562.2,367.2,1180.5
909,1328.7,474.6,382.95,1401.75
910,1382.2,2064.3,958.5,3225.0
911,2663.9,1504.5,356.1,2377.5
912,1690.7,2640.75,432.3,2786.25
913,1905.55,1989.0,673.2,2366.25
914,1902.05,2424.75,727.95,2621.25
915,2763.2,1925.7,448.35,2478.75
916,1760.8,1463.4,517.05,2838.75
917,2196.65,1435.95,350.4,2883.0
918,2387.55,1410.45,334.5,2737.5
919,1806.05,1067.55,860.4,1998.0
920,1501.55,714.45,640.5,1675.5
921,1899.15,1040.25,250.35,3116.25
922,1634.05,846.3,407.4,1916.25
923,2078.35,1135.35,300.3,3240.0
924,1377.35,610.95,451.95,1833.75
925,2282.05,1421.25,581.7,2115.0
926,1581.8,1234.05,558.15,2484.0
927,2069.7,1204.05,379.5,2934.75
928,2953.5,1418.4,407.85,2366.25
929,2567.65,2114.1,290.25,2850.0
930,2193.4,1252.05,247.8,2628.75
931,1624.0,760.5,381.0,1186.5
932,1927.3,1760.55,762.15,2790.0
933,1774.9,1532.7,410.4,3192.0
934,1834.35,1752.75,636.15,2928.75
935,2926.1,1945.5,320.4,2730.0
936,2007.95,2127.6,824.7,2763.75
937,2085.95,1076.55,809.25,1916.25
938,2090.1,1896.45,966.45,2505.0
939,2011.35,1417.95,716.7,3270.0
940,3239.8,1615.8,665.4,3003.0
941,2483.2,1474.2,1365.6,2565.0
942,1666.1,1393.65,1230.75,2257.5
943,2759.65,2165.85,938.25,2456.25
944,1698.65,2095.2,285.9,3056.25
945,2024.5,2434.5,597.0,2910.0
946,1923.3,2372.55,882.9,2711.25
947,1489.05,2347.35,965.85,2733.75
948,1649.8,1928.25,810.45,2167.5
949,938.1,2530.05,357.6,3506.25
950,1745.9,1591.95,581.4,2322.75
951,2009.75,2854.2,795.3,2838.75
952,1142.55,2436.6,308.85,2850.0
953,1632.35,2165.7,1324.95,2685.0
954,1232.3,1581.45,992.25,2490.0
955,934.4,995.1,726.0,1372.5
956,1267.35,787.65,748.5,1342.5
957,747.4,798.15,622.95,1861.5
958,1876.65,2132.1,774.75,2584.5
959,1739.85,2473.95,818.7,2647.5
960,1628.4,2436.6,1257.0,2820.0
961,1772.35,2334.3,1427.1,2966.25
962,1801.35,2140.05,674.85,3291.75
963,2205.85,1854.9,1227.0,2306.25
964,2008.05,1495.8,1484.4,2133.75
965,2217.35,1299.15,1236.0,2167.5
966,2381.85,1592.7,1335.45,2022.0
967,2161.2,1470.3,1205.25,2891.25
968,2328.95,1847.25,1492.8,2751.0
969,1899.85,1767.9,1391.25,2595.0
970,1218.45,1921.8,1228.5,2531.25
971,1233.7,1867.8,1815.0,2557.5
972,1506.6,1218.15,1235.25,2370.0
973,2111.55,2084.7,914.25,2647.5
974,2660.75,1817.25,1072.5,2467.5
975,2831.0,1829.25,1224.0,2253.75
976,2875.3,1959.75,706.95,3120.0
977,1631.65,1980.15,3387.45,2988.75
978,1870.7,1852.35,1543.95,3375.0
979,2386.65,1903.8,1042.8,3078.75
980,1393.25,1993.5,1305.0,3086.25
981,2262.9,1695.6,1144.5,3165.0
982,2018.65,2103.45,690.15,2973.75
983,2454.1,1983.6,444.3,2880.0
984,2709.45,2023.35,436.95,2876.25
985,2182.7,2272.35,1127.7,2771.25
986,3108.6,2185.65,1960.5,2735.25
987,2361.4,2137.35,2088.0,2381.25
988,2029.05,1963.95,1670.25,2388.75
989,1669.0,2051.25,1656.0,2391.75
990,2291.65,2025.0,1030.35,2565.0
991,1455.4,2101.5,1374.6,2872.5
992,1676.7,1894.5,1176.3,2002.5
993,2622.55,2060.25,328.2,2607.0
994,2240.55,2288.25,368.7,2722.5
995,2151.45,2184.0,341.55,2709.0
996,2586.9,2157.45,852.9,2928.75
997,2689.75,2079.75,380.25,3026.25
998,4299.75,1872.75,2113.5,2718.0
999,3525.0,1980.75,959.25,2391.0
1000,4002.5,2133.0,1230.0,2992.5
