seed,world,run_id,episode,investor_return,fair_1,max_1,fair_1_repay,max_1_repay
40,0,w0_20260418_095802,1,217035.75,120004.5,121449.75,0.7702149999999759,0.1942049999999914
40,0,w0_20260418_095802,2,625.5,227664.75,59229.75,0.3593600000000181,0.1735749999999938
40,0,w0_20260418_095802,3,148806.75,202389.75,57523.5,0.6258899999999836,0.20234499999999936
40,0,w0_20260418_095802,4,56657.75,294624.75,52777.5,0.45901999999999754,0.1430549999999972
40,0,w0_20260418_095802,5,37900.25,268819.5,47000.25,0.428945000000007,0.16483499999998966
40,0,w0_20260418_095802,6,-9999.999999999996,137123.86673731965,23062.50060738554,0.36541500000002114,0.15138500000000552
40,0,w0_20260418_095802,7,-9999.999999999993,82555.83701779983,13076.473700463412,0.4065950000000259,0.13545999999999486
40,0,w0_20260418_095802,8,152294.5,203202,48103.5,0.6280400000000098,0.19669499999999812
40,0,w0_20260418_095802,9,-10000,97905,32224.5,0.3191500000000138,0.1798799999999897
40,0,w0_20260418_095802,10,149731.25,217392.75,35376,0.6072750000000028,0.3054200000000004
40,0,w0_20260418_095802,11,-2876.5,94217.25,32939.25,0.4454950000000088,0.32058000000000664
40,0,w0_20260418_095802,12,246287,106482,89781,0.8064749999999794,0.22225500000000065
40,0,w0_20260418_095802,13,19831.75,279908.25,34380,0.4010650000000168,0.16763000000000422
40,0,w0_20260418_095802,14,205265.75,150526.5,80487.75,0.7299300000000212,0.19694999999999435
40,0,w0_20260418_095802,15,146808.25,217336.5,59255.25,0.6107750000000044,0.2211449999999996
40,0,w0_20260418_095802,16,400062.75,75237,80630.25,0.8596399999999721,0.6527299999999847
40,0,w0_20260418_095802,17,108628.75,286535.25,265596,0.41934000000000976,0.4372550000000132
40,0,w0_20260418_095802,18,95864.5,266580.75,74694.75,0.5284799999999993,0.16901000000000707
40,0,w0_20260418_095802,19,296973.25,91876.5,326540.25,0.8355549999999515,0.3518200000000125
40,0,w0_20260418_095802,20,168962.75,191850,105017.25,0.6623199999999593,0.1763099999999932
40,0,w0_20260418_095802,21,26458.5,214461,167950.5,0.39734999999999326,0.3290749999999908
40,0,w0_20260418_095802,22,124901.5,236361,181357.5,0.5479000000000018,0.35088500000000716
40,0,w0_20260418_095802,23,274041,170659.5,291619.5,0.6974950000000066,0.4565200000000093
40,0,w0_20260418_095802,24,126815.75,251532.75,307591.5,0.5302349999999886,0.3634450000000208
40,0,w0_20260418_095802,25,238463.5,143938.5,261138,0.7440550000000118,0.3283150000000046
40,0,w0_20260418_095802,26,99609.75,239122.5,257937.75,0.5017750000000117,0.32923000000000285
40,0,w0_20260418_095802,27,159968.25,215869.5,194822.25,0.6094150000000055,0.3268549999999994
40,0,w0_20260418_095802,28,182314.5,213908.25,279647.25,0.6176350000000046,0.37340499999999777
40,0,w0_20260418_095802,29,115110,162807.75,296972.25,0.4269249999999832,0.3841800000000003
40,0,w0_20260418_095802,30,290652.5,119464.5,292383,0.7909349999999674,0.3833849999999986
40,0,w0_20260418_095802,31,116365.5,192257.25,209717.25,0.3536949999999943,0.4652750000000021
40,0,w0_20260418_095802,32,231147.25,141161.25,211051.5,0.7424799999999867,0.3178749999999955
40,0,w0_20260418_095802,33,300081.75,48748.5,188229.75,0.8916950000000121,0.2606349999999972
40,0,w0_20260418_095802,34,364459.5,86727.75,280392.75,0.8453599999999764,0.4763099999999956
40,0,w0_20260418_095802,35,141848.25,125207.25,242974.5,0.41666500000001216,0.4086749999999902
40,0,w0_20260418_095802,36,299243.75,71662.5,236613.75,0.8663999999999819,0.2834699999999968
40,0,w0_20260418_095802,37,65661.25,157538.25,273760.5,0.3594850000000196,0.3514649999999863
40,0,w0_20260418_095802,38,316195.5,49569.75,182784.75,0.9037049999999756,0.27386499999999125
40,0,w0_20260418_095802,39,265665.5,131155.5,239469,0.7743249999999974,0.34456000000000414
40,0,w0_20260418_095802,40,167310.75,133897.5,254691.75,0.5700299999999964,0.5195299999999992
40,0,w0_20260418_095802,41,14108.5,165162,169909.5,0.4116950000000256,0.27113499999998625
40,0,w0_20260418_095802,42,286794.25,90273,134112.75,0.840374999999978,0.3208149999999931
40,0,w0_20260418_095802,43,68871,190486.5,130012.5,0.4668050000000102,0.370399999999988
40,0,w0_20260418_095802,44,223248.75,165013.5,257307.75,0.6935599999999609,0.3740500000000052
40,0,w0_20260418_095802,45,118512,166031.25,121176.75,0.5943649999999908,0.3705249999999769
40,0,w0_20260418_095802,46,119218.25,75406.5,116495.25,0.5113200000000119,0.3563149999999841
40,0,w0_20260418_095802,47,332310.5,88767.75,282171.75,0.8285399999999581,0.4218599999999806
40,0,w0_20260418_095802,48,189168.25,188991.75,186870,0.6707699999999991,0.292295000000003
40,0,w0_20260418_095802,49,81166.25,138493.5,68720.25,0.6103500000000047,0.4013699999999954
40,0,w0_20260418_095802,50,72103.75,89490,116786.25,0.44764000000001297,0.3660099999999963
40,0,w0_20260418_095802,51,133610.25,53853.75,266436,0.7299199999999952,0.48446500000002224
40,0,w0_20260418_095802,52,133992.5,97932.75,267354.75,0.6003200000000013,0.3953849999999983
40,0,w0_20260418_095802,53,65788.75,78307.5,219993.75,0.6439899999999902,0.3845799999999901
40,0,w0_20260418_095802,54,108992.25,60826.5,241841.25,0.5956249999999979,0.3554150000000035
40,0,w0_20260418_095802,55,145834.25,72790.5,272855.25,0.6119750000000013,0.4221199999999939
40,0,w0_20260418_095802,56,456244.75,145242.75,141982.5,0.7289049999999945,0.7362349999999728
40,0,w0_20260418_095802,57,51729.25,91737,256683.75,0.3985850000000097,0.33986500000001424
40,0,w0_20260418_095802,58,81648,57153,250119,0.5668499999999885,0.31586999999999016
40,0,w0_20260418_095802,59,57791.75,93261,210827.25,0.5113999999999993,0.32642500000000113
40,0,w0_20260418_095802,60,127261.25,62959.5,242939.25,0.44915999999999495,0.4582950000000029
40,0,w0_20260418_095802,61,81073.5,90015.75,291900.75,0.6031200000000061,0.37147999999998627
40,0,w0_20260418_095802,62,190483.25,76194,283272.75,0.7211349999999519,0.378960000000003
40,0,w0_20260418_095802,63,356689,80542.5,281608.5,0.8624349999999841,0.4226549999999889
40,0,w0_20260418_095802,64,193450.75,69701.25,212148,0.6715900000000083,0.579315000000007
40,0,w0_20260418_095802,65,190809.5,260299.5,291201,0.5437299999999544,0.45818499999999857
40,0,w0_20260418_095802,66,86922.5,226467.75,241029.75,0.5080499999999954,0.3664199999999923
40,0,w0_20260418_095802,67,91798.5,244383.75,299157.75,0.43632499999999674,0.4048100000000137
40,0,w0_20260418_095802,68,21916.5,93594,312709.5,0.3458700000000238,0.36342999999999054
40,0,w0_20260418_095802,69,51079.25,20030.25,318790.5,0.4071149999999939,0.4022299999999988
40,0,w0_20260418_095802,70,84491.5,45437.25,244121.25,0.27030000000000176,0.5299649999999831
40,0,w0_20260418_095802,71,61896.5,93010.5,308463,0.5194100000000078,0.3896399999999942
40,0,w0_20260418_095802,72,166560.5,98845.5,205074,0.7457449999999513,0.3391799999999983
40,0,w0_20260418_095802,73,251047,177050.25,301812.75,0.6850699999999952,0.4326649999999887
40,0,w0_20260418_095802,74,330273,33204,290913,0.942254999999953,0.24204500000001183
40,0,w0_20260418_095802,75,337852.75,39906,339041.25,0.932835000000058,0.3051150000000211
40,0,w0_20260418_095802,76,209256.75,213633,312560.25,0.6387049999999702,0.4002399999999972
40,0,w0_20260418_095802,77,367651,114600,258219,0.8007099999999279,0.5043999999999798
40,0,w0_20260418_095802,78,110701,177991.5,273937.5,0.487150000000005,0.4397749999999735
40,0,w0_20260418_095802,79,159663.75,217650,242486.25,0.5787499999999697,0.3735899999999852
40,0,w0_20260418_095802,80,399870.5,29475.75,192453.75,0.9503199999999156,0.46976499999998667
40,0,w0_20260418_095802,81,244276,139924.5,179959.5,0.7590750000000241,0.28948499999998906
40,0,w0_20260418_095802,82,110538,235632,280110,0.48028500000000696,0.4038850000000046
40,0,w0_20260418_095802,83,-987.5,191407.5,197820,0.38776999999999945,0.23532999999999044
40,0,w0_20260418_095802,84,299943,112578,212079,0.8041399999999492,0.4183849999999911
40,0,w0_20260418_095802,85,306396.75,120357.75,232315.5,0.7974899999999859,0.4080199999999998
40,0,w0_20260418_095802,86,245684.5,215295,279310.5,0.610649999999993,0.4864950000000301
40,0,w0_20260418_095802,87,238519,167123.25,282207.75,0.7158200000000051,0.3360300000000037
40,0,w0_20260418_095802,88,109706.75,261656.25,227277,0.4699900000000331,0.3795249999999839
40,0,w0_20260418_095802,89,155346.25,243909,252714.75,0.5829849999999502,0.32130999999999726
40,0,w0_20260418_095802,90,70920,200426.25,151683.75,0.42397000000001434,0.42224999999998697
40,0,w0_20260418_095802,91,337048.25,46959,304752.75,0.9183249999999604,0.28899000000000113
40,0,w0_20260418_095802,92,381264,35780.25,262305.75,0.9394699999999632,0.3698499999999985
40,0,w0_20260418_095802,93,171496.5,227893.5,275760,0.6165299999999937,0.3184299999999956
40,0,w0_20260418_095802,94,85220.75,285177.75,282841.5,0.45755999999999647,0.36922500000000014
40,0,w0_20260418_095802,95,240420.25,102226.5,205403.25,0.8211199999999776,0.3067399999999876
40,0,w0_20260418_095802,96,144596.75,223648.5,226344.75,0.5764850000000141,0.3649449999999864
40,0,w0_20260418_095802,97,143916.75,142677.75,129265.5,0.6926200000000486,0.27515999999999396
40,0,w0_20260418_095802,98,133726.75,127931.25,90582,0.6738550000000217,0.1832999999999835
40,0,w0_20260418_095802,99,135644.5,214656,58879.5,0.6021699999999633,0.23970999999999867
40,0,w0_20260418_095802,100,322483.75,32484,104882.25,0.9362599999999208,0.3276649999999799
40,1,w1_20260418_100529,1,229510,108642.75,118997.25,0.793044999999977,0.22872499999999812
40,1,w1_20260418_100529,2,-10000,147050.25,36714.75,0.4139450000000113,0.18681499999999793
40,1,w1_20260418_100529,3,-10000.000000000002,102718.665,52747.545,0.354905000000015,0.3654499999999971
40,1,w1_20260418_100529,4,42764.5,301318.5,57237,0.4210950000000048,0.2565300000000017
40,1,w1_20260418_100529,5,122472,250722,183186,0.5274000000000093,0.37462000000001433
40,1,w1_20260418_100529,6,-5415,208260.75,177764.25,0.36827500000002505,0.26517000000001034
40,1,w1_20260418_100529,7,27794.5,271734,141691.5,0.4312000000000163,0.2174399999999915
40,1,w1_20260418_100529,8,95634.25,241134.75,102651,0.5452750000000084,0.19914999999999153
40,1,w1_20260418_100529,9,-10000,27818.25,35233.35,0.7555799999999,0.5541550000000062
40,1,w1_20260418_100529,10,112855.75,231784.5,83589.75,0.5741650000000157,0.162234999999996
40,1,w1_20260418_100529,11,130054.75,211820.25,100605,0.6069799999999879,0.2470049999999979
40,1,w1_20260418_100529,12,-10000.000000000002,94766.3631796875,78193.5697734375,0.45248500000003833,0.34847000000003414
40,1,w1_20260418_100529,13,124914,219566.25,103959.75,0.5970949999999929,0.1828649999999923
40,1,w1_20260418_100529,14,52313,295089,74568,0.4514900000000074,0.26259499999999947
40,1,w1_20260418_100529,15,195133,166587,127770,0.690794999999989,0.3798349999999983
40,1,w1_20260418_100529,16,252016,79286.25,175377.75,0.8557149999999799,0.1578849999999974
40,1,w1_20260418_100529,17,260129.75,96926.25,90624,0.8239399999999668,0.2489399999999946
40,1,w1_20260418_100529,18,-10000,133492.5375,74031.4875,0.2526499999999992,0.2770449999999811
40,1,w1_20260418_100529,19,287922,72594,100884,0.8654099999999824,0.2773849999999921
40,1,w1_20260418_100529,20,120894.5,239084.25,58511.25,0.5761550000000076,0.1322800000000008
40,1,w1_20260418_100529,21,154564,214141.5,49594.5,0.6201050000000088,0.27191499999999436
40,1,w1_20260418_100529,22,12229.75,287523,166667.25,0.3084750000000029,0.37335499999999416
40,1,w1_20260418_100529,23,101947.25,249846,53136.75,0.5409299999999971,0.14776500000000098
40,1,w1_20260418_100529,24,23491,243666.75,76952.25,0.43251999999999297,0.12848999999999874
40,1,w1_20260418_100529,25,31027,164996.25,64236.75,0.43842999999998666,0.23015499999999092
40,1,w1_20260418_100529,26,188793.25,167644.5,70742.25,0.693884999999984,0.2685299999999912
40,1,w1_20260418_100529,27,255989.75,130671,250439.25,0.7695149999999646,0.3264549999999856
40,1,w1_20260418_100529,28,178882.5,171193.5,55884,0.6814999999999778,0.19479999999999867
40,1,w1_20260418_100529,29,2109.25,218955,67245.75,0.3552600000000094,0.21336999999998887
40,1,w1_20260418_100529,30,119709.5,209321.25,63479.25,0.5902199999999731,0.16794000000000164
40,1,w1_20260418_100529,31,15320.25,262470,58239.75,0.39069500000000335,0.21762499999999105
40,1,w1_20260418_100529,32,55028,256191,63591,0.4483799999999887,0.2169899999999994
40,1,w1_20260418_100529,33,304544.75,64679.25,75546,0.8840199999999935,0.2462499999999908
40,1,w1_20260418_100529,34,322633,52953.75,60263.25,0.908774999999968,0.21907999999998715
40,1,w1_20260418_100529,35,-10000,131002.2,68495.1,0.37227999999998224,0.25429500000000094
40,1,w1_20260418_100529,36,27009,120602.25,73698.75,0.353809999999999,0.2317099999999864
40,1,w1_20260418_100529,37,255155,118263,116622,0.780679999999973,0.2451299999999897
40,1,w1_20260418_100529,38,-4338.75,247557,84951.75,0.2837350000000199,0.1694700000000005
40,1,w1_20260418_100529,39,28962.75,157806,91001.25,0.4898950000000119,0.17683499999999389
40,1,w1_20260418_100529,40,116596,218155.5,289258.5,0.5273049999999972,0.3713649999999906
40,1,w1_20260418_100529,41,228638.75,172290,233711.25,0.694855000000027,0.4018049999999854
40,1,w1_20260418_100529,42,84099.5,265382.25,213068.25,0.495600000000004,0.2991400000000049
40,1,w1_20260418_100529,43,18847.25,172403.25,303109.5,0.3921049999999825,0.32445999999999803
40,1,w1_20260418_100529,44,158305,192932.25,271812.75,0.570540000000043,0.3899499999999812
40,1,w1_20260418_100529,45,148633.5,188400,263926.5,0.6107750000000249,0.353784999999996
40,1,w1_20260418_100529,46,5432.5,152778,74899.5,0.27471999999998936,0.20255499999998616
40,1,w1_20260418_100529,47,129222.5,249999.75,260907.75,0.5115999999999911,0.3997500000000053
40,1,w1_20260418_100529,48,-6281,89276.25,64434.75,0.5326799999999564,0.2292149999999872
40,1,w1_20260418_100529,49,27751.5,70343.25,125645.25,0.46587499999996446,0.40485499999999175
40,1,w1_20260418_100529,50,66387.25,183517.5,109175.25,0.4934700000000028,0.23307500000001177
40,1,w1_20260418_100529,51,88447.25,203026.5,169496.25,0.5123950000000166,0.34942499999999166
40,1,w1_20260418_100529,52,169397,197920.5,228952.5,0.5815000000000308,0.42114999999997726
40,1,w1_20260418_100529,53,245021.25,107994,311604.75,0.8066899999999605,0.2569250000000108
40,1,w1_20260418_100529,54,187073,190833.75,282683.25,0.6620650000000352,0.3225750000000058
40,1,w1_20260418_100529,55,19235.5,177497.25,121907.25,0.3863150000000173,0.2286150000000097
40,1,w1_20260418_100529,56,65191.25,227652,240456.75,0.4803750000000011,0.30395999999999407
40,1,w1_20260418_100529,57,-10000,81693,12508.5,0.24480499999999947,0.32364500000005103
40,1,w1_20260418_100529,58,120148.25,203307,221514.75,0.5520550000000165,0.3752850000000054
40,1,w1_20260418_100529,59,54711.25,196573.5,229685.25,0.47092999999999474,0.353945000000001
40,1,w1_20260418_100529,60,250691.75,120660,202388.25,0.793394999999967,0.27463499999999325
40,1,w1_20260418_100529,61,188919,199933.5,169507.5,0.646639999999997,0.4242099999999999
40,1,w1_20260418_100529,62,217082,163030.5,213217.5,0.7246949999999802,0.2879999999999989
40,1,w1_20260418_100529,63,-9999.999999999998,66085.46062499999,61542.613125,0.2552200000000178,0.2003149999999887
40,1,w1_20260418_100529,64,220631,76188.75,228080.25,0.7611349999999525,0.29972999999998057
40,1,w1_20260418_100529,65,-3725.5,114186,179029.5,0.2239950000000011,0.33917999999998877
40,1,w1_20260418_100529,66,70005.75,283799.25,269805,0.49072499999999375,0.2760249999999965
40,1,w1_20260418_100529,67,-3625.5,161019.75,173535.75,0.3083399999999807,0.33424500000001095
40,1,w1_20260418_100529,68,6183.5,67954.5,185082,0.29417499999998675,0.37359000000001535
40,1,w1_20260418_100529,69,238702,56527.5,224620.5,0.813629999999981,0.29611500000000074
40,1,w1_20260418_100529,70,21341.5,160653,177595.5,0.26315999999998757,0.3991900000000213
40,1,w1_20260418_100529,71,350435.5,89148,242446.5,0.8188950000000133,0.49817500000003945
40,1,w1_20260418_100529,72,248958,138540.75,150671.25,0.743514999999978,0.4296800000000168
40,1,w1_20260418_100529,73,115036.5,240657.75,190185.75,0.5357850000000092,0.36063000000000095
40,1,w1_20260418_100529,74,-1796.75,104831.25,162745.5,0.2855500000000015,0.2712700000000021
40,1,w1_20260418_100529,75,72369.75,196469.25,267561,0.42586999999999553,0.4420350000000048
40,1,w1_20260418_100529,76,76319.25,170988.75,261732,0.4881600000000037,0.4258899999999905
40,1,w1_20260418_100529,77,312731,98955,225474,0.818424999999995,0.4466649999999941
40,1,w1_20260418_100529,78,4317.75,111324.75,227857.5,0.23064000000001092,0.3416599999999983
40,1,w1_20260418_100529,79,8148.5,162066.75,153444.75,0.3376749999999998,0.32993499999999965
40,1,w1_20260418_100529,80,105716.25,235957.5,136076.25,0.5137749999999951,0.3752850000000046
40,1,w1_20260418_100529,81,158846.5,181256.25,224087.25,0.6129499999999819,0.4100400000000005
40,1,w1_20260418_100529,82,341561,27551.25,137157.75,0.949235000000006,0.2061849999999736
40,1,w1_20260418_100529,83,248710.5,150082.5,65277,0.745749999999985,0.4322799999999653
40,1,w1_20260418_100529,84,201825.5,228538.5,254076,0.5921800000000025,0.4558599999999858
40,1,w1_20260418_100529,85,189779.75,188787,143393.25,0.6666950000000171,0.29188999999999055
40,1,w1_20260418_100529,86,95661.75,172371,232157.25,0.5130899999999907,0.360705
40,1,w1_20260418_100529,87,31440.25,91120.5,306149.25,0.37840000000000734,0.3876849999999811
40,1,w1_20260418_100529,88,331292.5,39288,248119.5,0.9080099999999826,0.3833650000000074
40,1,w1_20260418_100529,89,383739.75,60443.25,296547,0.8978699999999759,0.4318750000000092
40,1,w1_20260418_100529,90,96969.75,265317.75,263512.5,0.4711350000000191,0.37644499999998593
40,1,w1_20260418_100529,91,68120.25,250371,275118.75,0.4174600000000109,0.3651199999999991
40,1,w1_20260418_100529,92,5322.25,118695.75,170442,0.3322550000000097,0.3214249999999703
40,1,w1_20260418_100529,93,136812.5,161771.25,298436.25,0.5500550000000174,0.4352400000000125
40,1,w1_20260418_100529,94,363776.5,35738.25,163745.25,0.9268399999999704,0.39875499999999486
40,1,w1_20260418_100529,95,270897.25,150867.75,217875,0.7139899999999986,0.4937049999999751
40,1,w1_20260418_100529,96,118706.5,257250,213283.5,0.521185000000018,0.345029999999988
40,1,w1_20260418_100529,97,55544.25,290888.25,210097.5,0.43687999999997984,0.29546999999999257
40,1,w1_20260418_100529,98,41247.25,122671.5,291101.25,0.3415100000000003,0.4364549999999918
40,1,w1_20260418_100529,99,83325.75,207756.75,307237.5,0.5242299999999889,0.34073999999999516
40,1,w1_20260418_100529,100,164537.25,212907,232125.75,0.59968500000002,0.3815600000000008
41,0,w0_20260418_101312,1,106195,210747.75,86147.25,0.5728349999999923,0.1780099999999946
41,0,w0_20260418_101312,2,87134.25,263167.5,62738.25,0.5126799999999946,0.1952799999999998
41,0,w0_20260418_101312,3,85927.5,265620.75,50721.75,0.5097399999999833,0.1783049999999929
41,0,w0_20260418_101312,4,826,346708.5,46465.5,0.3471000000000075,0.1857399999999967
41,0,w0_20260418_101312,5,31024.75,310185,48620.25,0.40371500000000626,0.2032549999999846
41,0,w0_20260418_101312,6,70844.25,272452.5,41753.25,0.47131999999998536,0.32173500000000865
41,0,w0_20260418_101312,7,167303.75,168605.25,88671,0.6829999999999642,0.14528999999999867
41,0,w0_20260418_101312,8,175979.75,166233.75,48196.5,0.6795649999999686,0.25483500000000087
41,0,w0_20260418_101312,9,89423.25,261244.5,56732.25,0.523050000000003,0.12403999999999926
41,0,w0_20260418_101312,10,135850.25,207642,49227.75,0.611924999999985,0.17115499999999595
41,0,w0_20260418_101312,11,206571.25,141771,73887.75,0.7423199999999721,0.13243999999998796
41,0,w0_20260418_101312,12,161859.75,188206.5,46413.75,0.6489999999999699,0.2652800000000017
41,0,w0_20260418_101312,13,139359,216594.75,33296.25,0.6033649999999903,0.35382500000001
41,0,w0_20260418_101312,14,199676.75,204087,170156.25,0.5529549999999955,0.5552700000000166
41,0,w0_20260418_101312,15,77042.75,258220.5,62346.75,0.497364999999984,0.21872000000000225
41,0,w0_20260418_101312,16,118941.75,243260.25,51138,0.5657449999999727,0.11801999999999468
41,0,w0_20260418_101312,17,251394.25,106501.5,87164.25,0.8090949999999649,0.16429999999999728
41,0,w0_20260418_101312,18,172124.75,193440.75,82354.5,0.6562149999999628,0.15876999999998734
41,0,w0_20260418_101312,19,214969,152265,37506,0.7252649999999722,0.21633999999999717
41,0,w0_20260418_101312,20,85505.5,262374.75,50709.75,0.5092499999999943,0.151929999999994
41,0,w0_20260418_101312,21,30960,239083.5,71356.5,0.3969700000000084,0.22449999999998368
41,0,w0_20260418_101312,22,163386,207385.5,56968.5,0.6267499999999737,0.3450850000000034
41,0,w0_20260418_101312,23,226452.5,231592.5,205185,0.5630049999999924,0.5255100000000018
41,0,w0_20260418_101312,24,73096.25,264949.5,36464.25,0.4661750000000047,0.15834499999999108
41,0,w0_20260418_101312,25,99706.75,227634.75,44428.5,0.534319999999989,0.14909499999998763
41,0,w0_20260418_101312,26,161748.5,194501.25,47300.25,0.6422599999999804,0.15080499999999708
41,0,w0_20260418_101312,27,149685.75,216189.75,291514.5,0.518229999999982,0.4331299999999991
41,0,w0_20260418_101312,28,86344.5,205873.5,92472,0.48660500000000145,0.2106649999999843
41,0,w0_20260418_101312,29,249795.75,133538.25,203646,0.7555499999999676,0.3565249999999823
41,0,w0_20260418_101312,30,101576.25,180861.75,131232,0.5108799999999747,0.28435999999999956
41,0,w0_20260418_101312,31,232339.5,132558.75,137811.75,0.7598649999999804,0.31516499999999525
41,0,w0_20260418_101312,32,115866.25,176835,207108.75,0.5239799999999786,0.33049000000000417
41,0,w0_20260418_101312,33,208603.25,179775,256011.75,0.5957100000000147,0.4574999999999864
41,0,w0_20260418_101312,34,100703,263675.25,286101.75,0.42874500000000015,0.4264550000000043
41,0,w0_20260418_101312,35,171707.5,199556.25,249566.25,0.6388050000000164,0.32306500000000776
41,0,w0_20260418_101312,36,257852.5,141078,276709.5,0.7514449999999472,0.3647650000000131
41,0,w0_20260418_101312,37,435549.5,66309.75,232410.75,0.883864999999973,0.5565950000000096
41,0,w0_20260418_101312,38,259747,169135.5,322627.5,0.7072099999999627,0.4089200000000157
41,0,w0_20260418_101312,39,157869.75,220406.25,265314,0.5362399999999917,0.38310000000000216
41,0,w0_20260418_101312,40,151507.75,167412,252560.25,0.5866549999999616,0.4145250000000033
41,0,w0_20260418_101312,41,256293.5,129536.25,218210.25,0.775104999999941,0.2829499999999953
41,0,w0_20260418_101312,42,169136.25,233295,225108.75,0.5981049999999888,0.3410300000000035
41,0,w0_20260418_101312,43,-9999.999999999996,93877.59062256305,50906.43740912351,0.2491149999999623,0.6581700000000533
41,0,w0_20260418_101312,44,65628,290493.75,233168.25,0.3398650000000255,0.421845000000018
41,0,w0_20260418_101312,45,110709.5,214932,288838.5,0.4784649999999967,0.4109550000000172
41,0,w0_20260418_101312,46,408168.25,45609.75,301272,0.9209949999999796,0.4450550000000013
41,0,w0_20260418_101312,47,39641.75,212990.25,293118,0.3275349999999863,0.3951300000000179
41,0,w0_20260418_101312,48,105634.75,204224.25,252981,0.49800499999998993,0.3265450000000105
41,0,w0_20260418_101312,49,153763.25,179503.5,259253.25,0.619259999999995,0.36072500000001734
41,0,w0_20260418_101312,50,128826.5,198003,218650.5,0.5715149999999789,0.3657850000000085
41,0,w0_20260418_101312,51,105219.25,261639,296361.75,0.42831999999999626,0.42507999999999574
41,0,w0_20260418_101312,52,140897,246219.75,303503.25,0.5184549999999933,0.4124750000000049
41,0,w0_20260418_101312,53,346308.5,69420,281971.5,0.8814700000000003,0.3771250000000067
41,0,w0_20260418_101312,54,295518.25,148208.25,261583.5,0.7476650000000044,0.4080899999999942
41,0,w0_20260418_101312,55,134586.5,209128.5,298155,0.4609200000000121,0.4172650000000027
41,0,w0_20260418_101312,56,161204.25,148350,230535.75,0.5857399999999925,0.3441100000000194
41,0,w0_20260418_101312,57,212119.25,123607.5,273623.25,0.4844799999999809,0.5212799999999753
41,0,w0_20260418_101312,58,31033.25,205011.75,271665,0.3495600000000008,0.32550500000000415
41,0,w0_20260418_101312,59,44028.5,198879.75,206601.75,0.45082499999998654,0.20237499999998412
41,0,w0_20260418_101312,60,165563.25,67426.5,182570.25,0.6197099999999818,0.3484150000000148
41,0,w0_20260418_101312,61,319904.75,95082.75,242362.5,0.8253299999999782,0.44185500000000194
41,0,w0_20260418_101312,62,160236.75,151151.25,301092,0.5429749999999977,0.4242750000000032
41,0,w0_20260418_101312,63,307315.25,120827.25,296257.5,0.7865099999999532,0.4088550000000038
41,0,w0_20260418_101312,64,382835,38981.25,255453.75,0.9303899999999904,0.40669499999998143
41,0,w0_20260418_101312,65,204917,189154.5,297748.5,0.5997749999999749,0.44128500000001
41,0,w0_20260418_101312,66,49739.5,256557.75,291942.75,0.37550500000000786,0.3616500000000034
41,0,w0_20260418_101312,67,131780.25,184244.25,238525.5,0.6119649999999669,0.3619150000000077
41,0,w0_20260418_101312,68,15765.5,186588.75,282285.75,0.25354999999998745,0.3924650000000176
41,0,w0_20260418_101312,69,332761,123032.25,308256.75,0.7765649999999239,0.4544549999999897
41,0,w0_20260418_101312,70,30638,170843.25,308268.75,0.30485000000002743,0.38530000000000775
41,0,w0_20260418_101312,71,223635.75,134964,320630.25,0.6728399999999699,0.419624999999999
41,0,w0_20260418_101312,72,370470.25,45518.25,271711.5,0.9229799999999716,0.35982500000000267
41,0,w0_20260418_101312,73,134308.5,212952,234799.5,0.5628700000000233,0.3649799999999963
41,0,w0_20260418_101312,74,275163.75,121325.25,226131,0.790054999999987,0.4155750000000069
41,0,w0_20260418_101312,75,214029.5,133215,217345.5,0.7046400000000114,0.4549749999999983
41,0,w0_20260418_101312,76,45265.75,207402,304622.25,0.3542150000000104,0.3856499999999971
41,0,w0_20260418_101312,77,403658.25,43893.75,298218,0.9173199999999512,0.45340000000001646
41,0,w0_20260418_101312,78,86426.25,203474.25,315739.5,0.3945350000000141,0.39078499999999633
41,0,w0_20260418_101312,79,114239.5,132576,272704.5,0.451840000000004,0.4142850000000084
41,0,w0_20260418_101312,80,21226.75,98418.75,301894.5,0.3770399999999733,0.3399049999999904
41,0,w0_20260418_101312,81,102090.75,123618.75,241690.5,0.5878300000000137,0.40892500000000925
41,0,w0_20260418_101312,82,-10000.000000000004,17578.978604437696,148044.70931761994,0.2440500000000226,0.45514500000003744
41,0,w0_20260418_101312,83,80430.5,129019.5,146190,0.4957750000000122,0.3879949999999896
41,0,w0_20260418_101312,84,107942.25,115964.25,191923.5,0.5882400000000017,0.38056000000001183
41,0,w0_20260418_101312,85,326888.25,57686.25,257725.5,0.8872149999999474,0.4079249999999856
41,0,w0_20260418_101312,86,173300.25,154182,231807.75,0.6872099999999801,0.33334000000000763
41,0,w0_20260418_101312,87,233663.25,140040,231036.75,0.7243949999999516,0.394275
41,0,w0_20260418_101312,88,68295.5,165134.25,137300.25,0.5332150000000093,0.4084600000000011
41,0,w0_20260418_101312,89,281689.5,79209,318391.5,0.8363899999999962,0.2949250000000055
41,0,w0_20260418_101312,90,181375.5,103743.75,226590.75,0.6726199999999677,0.28135000000000726
41,0,w0_20260418_101312,91,29502.5,167573.25,249794.25,0.3715050000000107,0.2961999999999997
41,0,w0_20260418_101312,92,136324.75,163284,283361.25,0.48147000000000617,0.4400899999999987
41,0,w0_20260418_101312,93,57650.75,201094.5,311274.75,0.34377000000001046,0.4034549999999902
41,0,w0_20260418_101312,94,337581.5,40771.5,197877,0.9143300000000824,0.23955499999999952
41,0,w0_20260418_101312,95,342073.25,38638.5,278978.25,0.9149049999999824,0.3259449999999957
41,0,w0_20260418_101312,96,382334.25,22908.75,262137,0.9608450000000108,0.33945500000000484
41,0,w0_20260418_101312,97,358533,68994,278193,0.8835300000000107,0.40801500000000535
41,0,w0_20260418_101312,98,232277.25,189999,294423.75,0.6500450000000196,0.4278049999999904
41,0,w0_20260418_101312,99,253356.75,174375,292958.25,0.7018549999999938,0.3951300000000056
41,0,w0_20260418_101312,100,211139,183069,271782,0.6755499999999888,0.3343500000000012
41,1,w1_20260418_102058,1,115341,216278.25,91260.75,0.5736449999999966,0.23965500000000056
41,1,w1_20260418_102058,2,81208,275109.75,84962.25,0.489449999999996,0.31678999999998597
41,1,w1_20260418_102058,3,49554.25,300885,66240.75,0.4470050000000122,0.19720500000000224
41,1,w1_20260418_102058,4,62646.75,283034.25,61809,0.4629050000000051,0.25773499999999305
41,1,w1_20260418_102058,5,86269.25,256719.75,62241,0.5127300000000029,0.19233500000000064
41,1,w1_20260418_102058,6,32669.75,266382.75,54277.5,0.42245000000000144,0.17811999999999883
41,1,w1_20260418_102058,7,137344,208775.25,93720.75,0.6081799999999927,0.19587499999999416
41,1,w1_20260418_102058,8,177096,174827.25,128016.75,0.6777399999999921,0.2405499999999986
41,1,w1_20260418_102058,9,-10000,167639.25,37425.75,0.23738000000003184,0.16997500000000348
41,1,w1_20260418_102058,10,163475.75,192474,66080.25,0.6519499999999785,0.1968649999999988
41,1,w1_20260418_102058,11,150670.25,209759.25,81970.5,0.6198199999999622,0.3237899999999952
41,1,w1_20260418_102058,12,240691,104874.75,112304.25,0.8091449999999685,0.1609199999999916
41,1,w1_20260418_102058,13,73226.75,271981.5,216291.75,0.449839999999985,0.400865000000015
41,1,w1_20260418_102058,14,109815,242433.75,99551.25,0.5642949999999959,0.1810800000000008
41,1,w1_20260418_102058,15,233670.25,130936.5,69953.25,0.7661199999999707,0.2579850000000036
41,1,w1_20260418_102058,16,171457,191751.75,91811.25,0.6592749999999705,0.2584300000000105
41,1,w1_20260418_102058,17,216418.5,150643.5,94248,0.7311449999999637,0.3162450000000037
41,1,w1_20260418_102058,18,178351,201621,133458,0.640374999999982,0.3744850000000067
41,1,w1_20260418_102058,19,225522.75,151079.25,185478,0.7334799999999757,0.33045500000000033
41,1,w1_20260418_102058,20,132839.75,262727.25,225993,0.529919999999989,0.4026099999999978
41,1,w1_20260418_102058,21,45336,277665.75,227318.25,0.3964100000000038,0.36359499999999134
41,1,w1_20260418_102058,22,222193.25,147992.25,60874.5,0.7379799999999788,0.17556500000000233
41,1,w1_20260418_102058,23,149050,230652.75,198467.25,0.48390499999996867,0.535304999999987
41,1,w1_20260418_102058,24,152097.75,219017.25,67305,0.6140499999999848,0.18788499999999544
41,1,w1_20260418_102058,25,7370,195755.25,50484.75,0.3717200000000137,0.18127999999999317
41,1,w1_20260418_102058,26,55151,279844.5,154324.5,0.4205900000000109,0.3756800000000089
41,1,w1_20260418_102058,27,118610.75,257467.5,254031.75,0.5016399999999865,0.4000099999999993
41,1,w1_20260418_102058,28,57425,178631.25,185703.75,0.4248499999999913,0.3515850000000032
41,1,w1_20260418_102058,29,74409,207150.75,254660.25,0.4255049999999974,0.3890549999999972
41,1,w1_20260418_102058,30,128591.25,201463.5,249155.25,0.4458649999999969,0.5030800000000001
41,1,w1_20260418_102058,31,133095.25,171507,243087.75,0.5807399999999846,0.3954949999999997
41,1,w1_20260418_102058,32,150002,204180,247518,0.5945449999999851,0.3784149999999951
41,1,w1_20260418_102058,33,41311,183205.5,251503.5,0.37418500000001426,0.374409999999988
41,1,w1_20260418_102058,34,323563.75,69299.25,238767,0.873239999999979,0.3307350000000058
41,1,w1_20260418_102058,35,164842.75,240534,219863.25,0.5772849999999927,0.3446149999999991
41,1,w1_20260418_102058,36,86968.75,246302.25,264759,0.4061900000000017,0.4308100000000034
41,1,w1_20260418_102058,37,292718.25,143022.75,278589,0.7494699999999546,0.43651000000001206
41,1,w1_20260418_102058,38,136250.75,282846.75,269542.5,0.4956299999999911,0.40263000000000215
41,1,w1_20260418_102058,39,73635.25,202347.75,232977,0.5265899999999892,0.385294999999995
41,1,w1_20260418_102058,40,109685.25,244815,270249.75,0.44404999999998535,0.456280000000008
41,1,w1_20260418_102058,41,106223.25,179370.75,241206,0.36623500000000114,0.5023399999999972
41,1,w1_20260418_102058,42,101672.75,216283.5,209043.75,0.4700500000000043,0.39968499999999046
41,1,w1_20260418_102058,43,51752.75,215811.75,261685.5,0.28024500000001706,0.4556800000000026
41,1,w1_20260418_102058,44,37427.5,180756.75,235125.75,0.31809000000001336,0.4184599999999899
41,1,w1_20260418_102058,45,314474.5,104472,234733.5,0.8099399999999528,0.4309000000000104
41,1,w1_20260418_102058,46,394685,56714.25,218580.75,0.9025550000000064,0.48306999999998945
41,1,w1_20260418_102058,47,279800.5,138199.5,180420,0.7638349999999741,0.4568749999999988
41,1,w1_20260418_102058,48,111728,184399.5,15682.5,0.511529999999989,0.7538750000000269
41,1,w1_20260418_102058,49,233038,191424,235758,0.6623949999999651,0.4050499999999991
41,1,w1_20260418_102058,50,184627.25,242358.75,244854,0.5283699999999945,0.4841749999999963
41,1,w1_20260418_102058,51,128013,268048.5,279898.5,0.4672050000000008,0.4388899999999989
41,1,w1_20260418_102058,52,86378.25,217119,267822.75,0.3586400000000016,0.4243249999999876
41,1,w1_20260418_102058,53,322567,94021.5,251821.5,0.8326449999999987,0.37046500000000054
41,1,w1_20260418_102058,54,387238,31824.75,196247.25,0.9454949999999892,0.3738250000000005
41,1,w1_20260418_102058,55,97785.5,225717.75,271206.75,0.4973499999999912,0.3814949999999986
41,1,w1_20260418_102058,56,17331.5,88536,189352.5,0.1015399999999953,0.4681349999999722
41,1,w1_20260418_102058,57,42035.75,63743.25,253101,0.17950499999998035,0.42353000000000784
41,1,w1_20260418_102058,58,20280.75,29605.5,255423.75,0.33442499999998715,0.3691149999999918
41,1,w1_20260418_102058,59,29361.75,27114.75,297343.5,0.27575000000000655,0.3802999999999957
41,1,w1_20260418_102058,60,66577,211580.25,225582.75,0.41452000000001055,0.37980000000000386
41,1,w1_20260418_102058,61,31794.75,150611.25,233934,0.3810000000000156,0.3469850000000039
41,1,w1_20260418_102058,62,184709,196708.5,230392.5,0.6396299999999902,0.35552000000000894
41,1,w1_20260418_102058,63,38195.5,191828.25,21116.25,0.3704399999999987,0.5440799999999908
41,1,w1_20260418_102058,64,290396,118026.75,190397.25,0.7776649999999702,0.4391049999999827
41,1,w1_20260418_102058,65,139438,158607,220905,0.5482049999999868,0.42756500000001024
41,1,w1_20260418_102058,66,83236.25,29742,282531.75,0.19244000000000472,0.4900299999999896
41,1,w1_20260418_102058,67,368618.25,44766,216075.75,0.9063400000000296,0.445054999999974
41,1,w1_20260418_102058,68,258794,147330,188466,0.7425199999999601,0.3880750000000012
41,1,w1_20260418_102058,69,296352,101464.5,221293.5,0.8246599999999995,0.3326850000000078
41,1,w1_20260418_102058,70,136155,190215.75,212819.25,0.580689999999995,0.4127899999999941
41,1,w1_20260418_102058,71,136794.25,97656.75,269289,0.6512649999999924,0.3733949999999978
41,1,w1_20260418_102058,72,362566,59606.25,258417.75,0.8960599999999984,0.4079849999999961
41,1,w1_20260418_102058,73,164523.75,220585.5,268320.75,0.5327700000000009,0.43162499999999193
41,1,w1_20260418_102058,74,48632,102180.75,283847.25,0.2559999999999917,0.4138199999999907
41,1,w1_20260418_102058,75,105793.75,184165.5,275910.75,0.40763999999999706,0.4085400000000025
41,1,w1_20260418_102058,76,55567.5,72606.75,305955.75,0.3199000000000002,0.41448499999997845
41,1,w1_20260418_102058,77,163941.5,97537.5,213801,0.48012000000001664,0.465159999999994
41,1,w1_20260418_102058,78,108136,22364.25,255969.75,0.23280499999997237,0.5313399999999966
41,1,w1_20260418_102058,79,141434.75,52139.25,299016,0.5880999999999668,0.40563000000000304
41,1,w1_20260418_102058,80,68826,48114.75,291869.25,0.25875999999997235,0.4137350000000118
41,1,w1_20260418_102058,81,50746.5,24234.75,313698.75,0.21806499999998397,0.4210150000000064
41,1,w1_20260418_102058,82,388108.5,47470.5,290331,0.9052649999999756,0.4271700000000138
41,1,w1_20260418_102058,83,165639.5,152178,211822.5,0.5733299999999947,0.401624999999992
41,1,w1_20260418_102058,84,128130.25,128433.75,125436,0.5129450000000159,0.35180999999999946
41,1,w1_20260418_102058,85,39222,47612.25,302865.75,0.34892999999997953,0.3991700000000118
41,1,w1_20260418_102058,86,31883.25,50117.25,313939.5,0.35934500000000896,0.39386500000000335
41,1,w1_20260418_102058,87,123602.75,108876,139991.25,0.560929999999992,0.29225500000000143
41,1,w1_20260418_102058,88,215495,137887.5,242077.5,0.676429999999934,0.5014399999999901
41,1,w1_20260418_102058,89,127984.25,102536.25,143899.5,0.5872899999999855,0.31658500000001094
41,1,w1_20260418_102058,90,189053,80997.75,200159.25,0.634524999999961,0.4366049999999871
41,1,w1_20260418_102058,91,206016.25,40301.25,241222.5,0.7345949999999567,0.44045999999998886
41,1,w1_20260418_102058,92,80822.75,166376.25,236841,0.40964000000002254,0.3876250000000126
41,1,w1_20260418_102058,93,88533.25,101328,251958.75,0.3469299999999815,0.4901999999999993
41,1,w1_20260418_102058,94,56100.75,113187,285932.25,0.4969899999999948,0.33972500000001066
41,1,w1_20260418_102058,95,158522.75,17253.75,234283.5,0.7490699999999654,0.43843499999999014
41,1,w1_20260418_102058,96,326902.75,43919.25,280518,0.8732349999999719,0.4258899999999941
41,1,w1_20260418_102058,97,374297,46151.25,327891.75,0.90954999999998,0.40431500000000303
41,1,w1_20260418_102058,98,78062.75,187524,332963.25,0.4222899999999876,0.3973850000000201
41,1,w1_20260418_102058,99,225709.75,182863.5,342006.75,0.6735600000000028,0.39299499999999565
41,1,w1_20260418_102058,100,154702,188763.75,302564.25,0.5038799999999727,0.44259500000000473
42,0,w0_20260418_102847,1,139993.75,195724.5,104931.75,0.6267849999999915,0.1722949999999978
42,0,w0_20260418_102847,2,131939.5,218469,68971.5,0.597084999999987,0.19511999999999177
42,0,w0_20260418_102847,3,78903.25,274336.5,48290.25,0.4940199999999999,0.19467999999999341
42,0,w0_20260418_102847,4,103160,249564.75,51725.25,0.5413899999999909,0.16221999999999695
42,0,w0_20260418_102847,5,135653.75,222436.5,42519.75,0.5910050000000003,0.2414449999999958
42,0,w0_20260418_102847,6,206867.5,148280.25,52082.25,0.7290299999999681,0.1848099999999943
42,0,w0_20260418_102847,7,243420,110239.5,56770.5,0.7992999999999559,0.18663499999999253
42,0,w0_20260418_102847,8,411,200444.25,54474.75,0.40543000000001833,0.15745999999999502
42,0,w0_20260418_102847,9,-1201.5,177009,43432.5,0.3668850000000018,0.16008499999999998
42,0,w0_20260418_102847,10,193474.75,164466,44579.25,0.7013249999999789,0.14878499999999692
42,0,w0_20260418_102847,11,215453.75,143900.25,49476,0.7401649999999771,0.17663999999999727
42,0,w0_20260418_102847,12,137354.5,230249.25,38756.25,0.5821399999999871,0.3138399999999886
42,0,w0_20260418_102847,13,59482.75,224576.25,39471,0.4438800000000163,0.193489999999995
42,0,w0_20260418_102847,14,306190.75,80584.5,140994.75,0.8536999999999866,0.3195800000000221
42,0,w0_20260418_102847,15,3008.25,133418.25,66193.5,0.4006150000000267,0.3047349999999974
42,0,w0_20260418_102847,16,190861.75,170827.5,47070.75,0.6920749999999843,0.19572999999998816
42,0,w0_20260418_102847,17,16710.5,227162.25,32537.25,0.3426900000000329,0.1636749999999907
42,0,w0_20260418_102847,18,239321.75,116661.75,193996.5,0.7896749999999741,0.27013499999999196
42,0,w0_20260418_102847,19,287407.75,75000,293462.25,0.8658049999999717,0.2936700000000055
42,0,w0_20260418_102847,20,152116.25,213189.75,59094,0.624014999999979,0.17178999999999447
42,0,w0_20260418_102847,21,286088.75,63358.5,198432.75,0.8882599999999801,0.30721999999998756
42,0,w0_20260418_102847,22,109577.25,197297.25,59785.5,0.5697899999999754,0.33715999999999663
42,0,w0_20260418_102847,23,281070,139882.5,236647.5,0.7511399999999577,0.4056299999999927
42,0,w0_20260418_102847,24,112999.5,206478,68632.5,0.5552749999999764,0.3092099999999915
42,0,w0_20260418_102847,25,38133.25,241725.75,95991,0.4270150000000101,0.4112450000000098
42,0,w0_20260418_102847,26,278229.25,96151.5,122819.25,0.8320799999999748,0.3187249999999901
42,0,w0_20260418_102847,27,78840.75,196041,93968.25,0.469904999999988,0.2070949999999987
42,0,w0_20260418_102847,28,166560,194010,50430,0.6347249999999676,0.18196999999999983
42,0,w0_20260418_102847,29,74004.75,234120,231755.25,0.4183100000000269,0.3448000000000036
42,0,w0_20260418_102847,30,251936,204426.75,248507.25,0.6014650000000179,0.5328499999999884
42,0,w0_20260418_102847,31,229142.5,183814.5,275253,0.6731649999999844,0.4002150000000101
42,0,w0_20260418_102847,32,69798.25,185974.5,195947.25,0.43544500000001135,0.3167600000000068
42,0,w0_20260418_102847,33,48691.75,77433.75,256774.5,0.36650500000003183,0.4050799999999997
42,0,w0_20260418_102847,34,143113.5,44457,71509.5,0.8170999999999806,0.15317999999999307
42,0,w0_20260418_102847,35,69753.25,89950.5,278036.25,0.6282499999999751,0.3738649999999848
42,0,w0_20260418_102847,36,77173.75,171378,257678.25,0.4163249999999913,0.35956499999999175
42,0,w0_20260418_102847,37,149998.25,144176.25,234025.5,0.4502250000000169,0.5487449999999945
42,0,w0_20260418_102847,38,69025.75,133863.75,264310.5,0.4424950000000132,0.3603949999999866
42,0,w0_20260418_102847,39,263468.75,96503.25,170628,0.8195849999999897,0.2849399999999993
42,0,w0_20260418_102847,40,105231.25,139665,246183.75,0.3035000000000057,0.5164749999999791
42,0,w0_20260418_102847,41,91748.25,82608,278283.75,0.5817799999999962,0.41771499999998823
42,0,w0_20260418_102847,42,249926.5,102645.75,231387.75,0.7973999999999252,0.370849999999986
42,0,w0_20260418_102847,43,115647.5,187707,259015.5,0.46365000000001294,0.41560499999998785
42,0,w0_20260418_102847,44,89290.25,152135.25,246064.5,0.4589750000000191,0.3912500000000064
42,0,w0_20260418_102847,45,162119.5,84955.5,257865,0.5794800000000023,0.49653500000000383
42,0,w0_20260418_102847,46,273851.75,118587,219371.25,0.7744699999999246,0.3929849999999826
42,0,w0_20260418_102847,47,265178.25,164329.5,258332.25,0.7185250000000117,0.4163999999999978
42,0,w0_20260418_102847,48,66276.75,89190.75,157102.5,0.462899999999975,0.2581099999999976
42,0,w0_20260418_102847,49,46795.75,42577.5,164406.75,0.767704999999898,0.35743999999999576
42,0,w0_20260418_102847,50,79951.5,99294.75,262323.75,0.4936899999999837,0.39448499999998127
42,0,w0_20260418_102847,51,324239.75,89515.5,258564.75,0.8343149999999266,0.4133000000000037
42,0,w0_20260418_102847,52,85241.5,96103.5,262785,0.5057549999999881,0.3787600000000017
42,0,w0_20260418_102847,53,224602.75,178016.25,242571,0.6800149999999671,0.38602000000001224
42,0,w0_20260418_102847,54,347676.5,55225.5,245958,0.9023999999999678,0.36367499999999386
42,0,w0_20260418_102847,55,441689,51842.25,258288.75,0.9110849999999666,0.5240500000000087
42,0,w0_20260418_102847,56,58928.5,178972.5,222069,0.39598000000000977,0.4419350000000161
42,0,w0_20260418_102847,57,157822.5,197030.25,259787.25,0.5952349999999841,0.386024999999993
42,0,w0_20260418_102847,58,127694.75,183171.75,271903.5,0.5245550000000035,0.38899999999999224
42,0,w0_20260418_102847,59,182797,191496,275397,0.5799699999999984,0.4468099999999824
42,0,w0_20260418_102847,60,106271.75,87808.5,193359.75,0.6110350000000004,0.4798350000000008
42,0,w0_20260418_102847,61,67743,188463,286644,0.46550500000001366,0.35082499999998906
42,0,w0_20260418_102847,62,107999.5,107157,236473.5,0.5240749999999834,0.3603699999999883
42,0,w0_20260418_102847,63,253191.5,137460,126418.5,0.5829749999999959,0.7192050000000251
42,0,w0_20260418_102847,64,109091,131619.75,271799.25,0.505080000000001,0.40197999999999695
42,0,w0_20260418_102847,65,161346.5,186830.25,290963.25,0.5747249999999964,0.3963899999999939
42,0,w0_20260418_102847,66,165825,210531.75,279743.25,0.5692299999999806,0.35750500000001023
42,0,w0_20260418_102847,67,117318,115107.75,292094.25,0.4904350000000118,0.3866649999999904
42,0,w0_20260418_102847,68,91157.25,84285.75,280707,0.5677399999999723,0.4019550000000211
42,0,w0_20260418_102847,69,199164.5,165255.75,282459.75,0.6470149999999846,0.38604000000000094
42,0,w0_20260418_102847,70,366268.5,39147,250144.5,0.9313799999999266,0.36930499999999494
42,0,w0_20260418_102847,71,390777.5,23958.75,231753.75,0.9596199999999944,0.37224499999998495
42,0,w0_20260418_102847,72,86948.5,183264,323047.5,0.5083499999999803,0.3888399999999838
42,0,w0_20260418_102847,73,195361.5,183052.5,288096,0.6697949999999682,0.3419999999999916
42,0,w0_20260418_102847,74,71113,125604,255573,0.410045000000006,0.3394000000000106
42,0,w0_20260418_102847,75,55826.5,106865.25,227648.25,0.3757600000000012,0.3442700000000073
42,0,w0_20260418_102847,76,319028.5,142517.25,209504.25,0.7223199999999932,0.5804500000000221
42,0,w0_20260418_102847,77,261080.75,170786.25,268443,0.7048499999999914,0.4169199999999988
42,0,w0_20260418_102847,78,106157.5,152511,268471.5,0.5258949999999982,0.37408999999999415
42,0,w0_20260418_102847,79,335073.5,106375.5,240411,0.7976049999999529,0.4981549999999997
42,0,w0_20260418_102847,80,252039.75,143648.25,235782,0.7583899999999902,0.33691999999999944
42,0,w0_20260418_102847,81,165899,205151.25,258519.75,0.5686649999999941,0.4439000000000018
42,0,w0_20260418_102847,82,69579.75,119184,250016.25,0.5384400000000094,0.34689000000001186
42,0,w0_20260418_102847,83,151109.75,220435.5,295224.75,0.5607100000000079,0.405585000000008
42,0,w0_20260418_102847,84,215341.5,123923.25,218045.25,0.7733699999999621,0.2773700000000033
42,0,w0_20260418_102847,85,239714.5,171110.25,338195.25,0.7039549999999853,0.367245000000014
42,0,w0_20260418_102847,86,109911.25,212439.75,222219,0.5699149999999984,0.3131950000000157
42,0,w0_20260418_102847,87,207476,213687,295317,0.6244149999999963,0.4178799999999971
42,0,w0_20260418_102847,88,265415.75,159208.5,294435.75,0.7315099999999872,0.39401000000000447
42,0,w0_20260418_102847,89,108787,205059,283944,0.49325500000001904,0.4269400000000107
42,0,w0_20260418_102847,90,341750,54925.5,259054.5,0.9053449999999724,0.29871500000001405
42,0,w0_20260418_102847,91,48967.5,150669.75,313542.75,0.45490999999998494,0.3549550000000001
42,0,w0_20260418_102847,92,232110.75,192527.25,329202,0.673860000000015,0.3867499999999891
42,0,w0_20260418_102847,93,66551.25,161965.5,291623.25,0.4454200000000117,0.391800000000012
42,0,w0_20260418_102847,94,75900.75,146658,297671.25,0.47243500000000793,0.3845200000000099
42,0,w0_20260418_102847,95,42990.5,154916.25,281333.25,0.41267500000002294,0.38260499999999226
42,0,w0_20260418_102847,96,99721,137310,277089,0.6311100000000123,0.3540750000000146
42,0,w0_20260418_102847,97,51229.75,85344,258656.25,0.4257850000000086,0.3979899999999937
42,0,w0_20260418_102847,98,44770,129794.25,304305.75,0.4430899999999947,0.3463250000000132
42,0,w0_20260418_102847,99,75458.25,103534.5,276077.25,0.4116450000000099,0.400180000000004
42,0,w0_20260418_102847,100,79769,113917.5,268003.5,0.4614500000000001,0.4095499999999817
42,1,w1_20260418_103634,1,145823.75,187588.5,122247.75,0.6417799999999977,0.2050949999999903
42,1,w1_20260418_103634,2,183785.25,168282,115902.75,0.6877249999999945,0.25408499999999384
42,1,w1_20260418_103634,3,221419.5,112521,176779.5,0.7937099999999758,0.19946499999998404
42,1,w1_20260418_103634,4,20975,338916,57099,0.3766050000000047,0.298779999999997
42,1,w1_20260418_103634,5,37602,317076,60882,0.4145550000000074,0.265429999999991
42,1,w1_20260418_103634,6,105353.25,241943.25,87373.5,0.5561850000000036,0.1696899999999891
42,1,w1_20260418_103634,7,172096,180645,75579,0.6709199999999863,0.2063900000000004
42,1,w1_20260418_103634,8,143260,222616.5,72703.5,0.5943099999999836,0.312625000000005
42,1,w1_20260418_103634,9,166234.75,197562.75,67852.5,0.6417749999999938,0.27491500000000413
42,1,w1_20260418_103634,10,-10000,117120.75,58046.25,0.44945500000000554,0.19034999999999527
42,1,w1_20260418_103634,11,205042.5,150663,83344.5,0.7269949999999907,0.22447499999998952
42,1,w1_20260418_103634,12,43732.25,295536,126621.75,0.4496550000000147,0.22960499999999287
42,1,w1_20260418_103634,13,253494,126266.25,284289.75,0.7695299999999851,0.34882499999998606
42,1,w1_20260418_103634,14,162984.75,211523.25,110622,0.6219349999999852,0.33274999999999677
42,1,w1_20260418_103634,15,184376.5,207711,234052.5,0.6294549999999637,0.35396500000000114
42,1,w1_20260418_103634,16,97330.5,303980.25,208859.25,0.44539999999999463,0.4119449999999907
42,1,w1_20260418_103634,17,171196.5,218631,227152.5,0.6090699999999977,0.37325
42,1,w1_20260418_103634,18,139286.75,248766.75,194056.5,0.5593899999999968,0.35087500000000016
42,1,w1_20260418_103634,19,156917.5,248001.75,234030.75,0.5564099999999859,0.40096999999999594
42,1,w1_20260418_103634,20,337562,108134.25,250383.75,0.8098249999999863,0.47863999999998014
42,1,w1_20260418_103634,21,163229.75,232896,215894.25,0.5877450000000072,0.37102000000000673
42,1,w1_20260418_103634,22,-10000,119245.4925,63116.3025,0.2201999999999905,0.475200000000012
42,1,w1_20260418_103634,23,321751.75,118164.75,256303.5,0.7923099999999804,0.4625400000000109
42,1,w1_20260418_103634,24,233228,157182,192450,0.7237349999999882,0.3860000000000096
42,1,w1_20260418_103634,25,121437,269253.75,212729.25,0.5190500000000118,0.3597949999999997
42,1,w1_20260418_103634,26,84434.5,319996.5,278649,0.4313700000000071,0.3757049999999969
42,1,w1_20260418_103634,27,303353.75,137937.75,257878.5,0.7594349999999502,0.44718499999999783
42,1,w1_20260418_103634,28,114552.75,313659,294248.25,0.4499700000000308,0.4203850000000044
42,1,w1_20260418_103634,29,192088,225002.25,276189.75,0.6079300000000135,0.399265000000008
42,1,w1_20260418_103634,30,94949.5,292235.25,258935.25,0.4747650000000285,0.34262500000000357
42,1,w1_20260418_103634,31,247016.5,137069.25,168314.25,0.7605299999999788,0.34106999999999194
42,1,w1_20260418_103634,32,36322.75,224640.75,192166.5,0.36206499999999353,0.3940749999999872
42,1,w1_20260418_103634,33,17630,246444.75,186485.25,0.33392500000004194,0.3450600000000019
42,1,w1_20260418_103634,34,32976.5,245144.25,112409.25,0.4393549999999829,0.2676899999999909
42,1,w1_20260418_103634,35,311551.25,46756.5,182102.25,0.9160849999999262,0.2375049999999937
42,1,w1_20260418_103634,36,138612,227976.75,227891.25,0.5649849999999904,0.3303599999999986
42,1,w1_20260418_103634,37,60905,192129.75,135155.25,0.4095750000000063,0.2979650000000073
42,1,w1_20260418_103634,38,210569.75,188554.5,271215.75,0.6724949999999702,0.35284500000001273
42,1,w1_20260418_103634,39,156140.75,222331.5,84987.75,0.6063600000000023,0.2944999999999842
42,1,w1_20260418_103634,40,143329,171459.75,279431.25,0.62071499999997,0.3858000000000062
42,1,w1_20260418_103634,41,105352.25,262879.5,241778.25,0.29395499999999075,0.5505599999999916
42,1,w1_20260418_103634,42,78577.75,181383.75,267958.5,0.4218250000000073,0.40289500000000494
42,1,w1_20260418_103634,43,115681.25,260442,168096.75,0.52319,0.3389650000000091
42,1,w1_20260418_103634,44,93244.25,245049,229716.75,0.568129999999994,0.21155999999999445
42,1,w1_20260418_103634,45,176743.5,196538.25,71108.25,0.6564149999999804,0.25995999999999925
42,1,w1_20260418_103634,46,92941.25,222169.5,233369.25,0.46978499999999895,0.36376000000002856
42,1,w1_20260418_103634,47,280430.75,117426.75,309802.5,0.7933199999999915,0.3533550000000082
42,1,w1_20260418_103634,48,269046.75,156719.25,305454,0.7274950000000032,0.412799999999989
42,1,w1_20260418_103634,49,282160.5,102859.5,299190,0.7817099999999902,0.3852799999999957
42,1,w1_20260418_103634,50,-10000,56507.25,86060.40091874999,0.2054149999999714,0.3868849999999906
42,1,w1_20260418_103634,51,-10000.000000000004,66330.675,176286.6321323205,0.39716500000002586,0.3121899999999829
42,1,w1_20260418_103634,52,10788.25,54237.75,316284,0.2542699999999967,0.35305999999997495
42,1,w1_20260418_103634,53,21554,74121.75,319934.25,0.20050499999999224,0.38474499999998646
42,1,w1_20260418_103634,54,291108.5,101958.75,276312.75,0.7985149999999885,0.36589999999999434
42,1,w1_20260418_103634,55,336198.5,39149.25,244922.25,0.9332950000000028,0.26448500000001457
42,1,w1_20260418_103634,56,33286.75,190143.75,289819.5,0.37659500000002166,0.35167000000000814
42,1,w1_20260418_103634,57,243621.5,173307.75,261570.75,0.691844999999976,0.4024549999999959
42,1,w1_20260418_103634,58,327746,127907.25,295626.75,0.7824649999999886,0.44885500000000655
42,1,w1_20260418_103634,59,120020.5,211737.75,196971.75,0.5834399999999723,0.2301599999999986
42,1,w1_20260418_103634,60,105088.75,218362.5,287448.75,0.4982450000000096,0.33991500000000535
42,1,w1_20260418_103634,61,48506.25,115562.25,274111.5,0.4722600000000307,0.29589000000000476
42,1,w1_20260418_103634,62,44869.5,193633.5,312237,0.3766200000000076,0.34177500000001115
42,1,w1_20260418_103634,63,137010.25,120184.5,295145.25,0.5833250000000136,0.3618699999999872
42,1,w1_20260418_103634,64,198228.75,218028,311003.25,0.6154150000000255,0.388680000000002
42,1,w1_20260418_103634,65,97078.5,173739,309052.5,0.4728999999999921,0.35397999999999313
42,1,w1_20260418_103634,66,174562.5,227939.25,302768.25,0.543430000000003,0.44208999999998394
42,1,w1_20260418_103634,67,63960.75,176022.75,282676.5,0.4658299999999593,0.29358000000000134
42,1,w1_20260418_103634,68,381469,54742.5,304288.5,0.8949049999999416,0.4255449999999952
42,1,w1_20260418_103634,69,126613.25,203980.5,299396.25,0.5121999999999836,0.34586500000000236
42,1,w1_20260418_103634,70,435577,27355.5,288847.5,0.9482099999999778,0.4629599999999896
42,1,w1_20260418_103634,71,77330,157720.5,250159.5,0.40912000000003185,0.36061500000003355
42,1,w1_20260418_103634,72,67839,125464.5,269716.5,0.24204000000000248,0.4832549999999932
42,1,w1_20260418_103634,73,89995.25,222885,307419.75,0.389755000000018,0.4157800000000096
42,1,w1_20260418_103634,74,189574.5,60786.75,279888.75,0.7870549999999734,0.31843499999999864
42,1,w1_20260418_103634,75,61135.75,88581,232283.25,0.34619500000002107,0.3063749999999946
42,1,w1_20260418_103634,76,136642.5,117319.5,282528,0.5721349999999992,0.34651500000001445
42,1,w1_20260418_103634,77,273472.5,49104,295213.5,0.8739849999999826,0.32936000000000437
42,1,w1_20260418_103634,78,268087.75,36421.5,225330.75,0.7975399999999364,0.3492600000000134
42,1,w1_20260418_103634,79,67108,121332.75,305129.25,0.4122700000000122,0.3518550000000096
42,1,w1_20260418_103634,80,278418,87576,265236,0.8355649999999736,0.314125000000011
42,1,w1_20260418_103634,81,272974.25,158516.25,310399.5,0.7329149999999579,0.4132300000000031
42,1,w1_20260418_103634,82,219124.25,131144.25,221881.5,0.758795000000006,0.23973500000000456
42,1,w1_20260418_103634,83,77415,92259.75,264125.25,0.4613500000000122,0.35688000000000847
42,1,w1_20260418_103634,84,302523.25,64762.5,143054.25,0.8768649999999965,0.22676999999999703
42,1,w1_20260418_103634,85,74657.25,75090,205062.75,0.5284700000000072,0.37670499999999657
42,1,w1_20260418_103634,86,142440,137762.25,141717.75,0.6668349999999823,0.22123999999999905
42,1,w1_20260418_103634,87,235346,111957,231267,0.7260599999999846,0.3873899999999971
42,1,w1_20260418_103634,88,122611.75,87787.5,225060.75,0.6300749999999914,0.4058500000000129
42,1,w1_20260418_103634,89,110446.5,150108.75,159474.75,0.5823850000000027,0.22369999999999965
42,1,w1_20260418_103634,90,59172.5,97662,183925.5,0.6041249999999909,0.2667549999999976
42,1,w1_20260418_103634,91,93605.75,87524.25,146850,0.5337050000000072,0.3457600000000038
42,1,w1_20260418_103634,92,10030.75,11259.75,167599.5,0.6341199999999876,0.3034799999999954
42,1,w1_20260418_103634,93,271429,105770.25,105090.75,0.8200699999999485,0.24063500000000695
42,1,w1_20260418_103634,94,89972.75,57357.75,166219.5,0.526700000000016,0.3495299999999979
42,1,w1_20260418_103634,95,285621.75,75860.25,128808,0.8166999999999777,0.40357499999999263
42,1,w1_20260418_103634,96,95240,66702.75,178217.25,0.5605450000000114,0.26909500000000325
42,1,w1_20260418_103634,97,203314.25,103957.5,181868.25,0.7372600000000107,0.4378900000000016
42,1,w1_20260418_103634,98,14265.75,133047.75,215386.5,0.3420599999999823,0.27096500000001295
42,1,w1_20260418_103634,99,12075,41292,266013,0.31884500000002103,0.34578000000001113
42,1,w1_20260418_103634,100,7107.25,8880,187332.75,0.3640499999999892,0.323930000000019
43,0,w0_20260418_104422,1,161795.75,168332.25,93012,0.6713299999999833,0.1866249999999822
43,0,w0_20260418_104422,2,277923.5,69170.25,92336.25,0.8723799999999926,0.2188899999999969
43,0,w0_20260418_104422,3,142458.25,209273.25,51988.5,0.6136000000000134,0.18338999999999353
43,0,w0_20260418_104422,4,166003,191835,43872,0.6482449999999943,0.2333350000000028
43,0,w0_20260418_104422,5,100474.5,257727,45568.5,0.5288149999999957,0.208929999999993
43,0,w0_20260418_104422,6,139590,218417.25,43212.75,0.6029899999999989,0.19689499999999463
43,0,w0_20260418_104422,7,81639.25,275087.25,44983.5,0.4992350000000133,0.15624499999999597
43,0,w0_20260418_104422,8,71579.25,290637.75,53763,0.4753849999999943,0.2518799999999799
43,0,w0_20260418_104422,9,95637.25,261225.75,48687,0.5280599999999758,0.15568999999999367
43,0,w0_20260418_104422,10,4314.5,332267.25,118928.25,0.3663400000000107,0.2776699999999958
43,0,w0_20260418_104422,11,-3306,232929.75,48836.25,0.4044700000000008,0.2043649999999974
43,0,w0_20260418_104422,12,191250.75,170469,53150.25,0.6936199999999739,0.17259499999999223
43,0,w0_20260418_104422,13,204174.25,155826,81309.75,0.719929999999981,0.2708649999999965
43,0,w0_20260418_104422,14,111140.75,255717.75,73921.5,0.5340050000000036,0.344095000000007
43,0,w0_20260418_104422,15,235308.25,123521.25,101380.5,0.7790749999999823,0.21168000000000295
43,0,w0_20260418_104422,16,248768.5,130137,129034.5,0.7694500000000022,0.3525499999999902
43,0,w0_20260418_104422,17,197541.5,168572.25,48446.25,0.6955500000000021,0.2962000000000023
43,0,w0_20260418_104422,18,85039.75,220236,217994.25,0.4434099999999936,0.40232500000000193
43,0,w0_20260418_104422,19,153127.75,228228,263474.25,0.5816949999999939,0.3722799999999875
43,0,w0_20260418_104422,20,264187.75,90541.5,154770.75,0.8390800000000107,0.22024999999999703
43,0,w0_20260418_104422,21,86617,272499,125844,0.49052499999998433,0.3483450000000022
43,0,w0_20260418_104422,22,77826.25,235238.25,124225.5,0.5203849999999915,0.3815900000000066
43,0,w0_20260418_104422,23,142448.75,259141.5,269019.75,0.5077050000000073,0.4292449999999989
43,0,w0_20260418_104422,24,139526.25,303933,272550.75,0.44424500000000944,0.4807949999999894
43,0,w0_20260418_104422,25,47116.75,232615.5,266247.75,0.3604700000000039,0.4215249999999967
43,0,w0_20260418_104422,26,2501.25,125826.75,82002,0.3176300000000003,0.136689999999993
43,0,w0_20260418_104422,27,53405.25,145083.75,195831,0.4578699999999899,0.3749700000000219
43,0,w0_20260418_104422,28,293817.5,71839.5,86733,0.8725949999999933,0.2610999999999925
43,0,w0_20260418_104422,29,372622.25,57585,257832.75,0.899944999999995,0.43362499999999454
43,0,w0_20260418_104422,30,179350.25,193263.75,94326,0.6574049999999703,0.25761000000001016
43,0,w0_20260418_104422,31,185021.5,227700.75,246987.75,0.5947749999999631,0.4059249999999887
43,0,w0_20260418_104422,32,105728,219783,46479,0.5585949999999638,0.08773999999999993
43,0,w0_20260418_104422,33,109301.25,152587.5,188891.25,0.5268849999999922,0.32800000000001095
43,0,w0_20260418_104422,34,323022,67287,186651,0.8790499999999621,0.3286950000000163
43,0,w0_20260418_104422,35,142744.5,249873,270472.5,0.48904499999999207,0.4280950000000143
43,0,w0_20260418_104422,36,138897.5,124629,244663.5,0.41945000000000937,0.4091450000000249
43,0,w0_20260418_104422,37,125592.75,100230,164177.25,0.4636899999999976,0.3277350000000162
43,0,w0_20260418_104422,38,152316.75,81291,202562.25,0.5760700000000337,0.36637000000000214
43,0,w0_20260418_104422,39,148085.5,74957.25,96617.25,0.7239550000000013,0.33831500000001163
43,0,w0_20260418_104422,40,220918,109543.5,235018.5,0.6532350000000045,0.5144150000000027
43,0,w0_20260418_104422,41,199024.5,97980.75,240024.75,0.6206100000000381,0.5171649999999961
43,0,w0_20260418_104422,42,131751.75,124836,289202.25,0.5168399999999954,0.3853450000000033
43,0,w0_20260418_104422,43,127488.25,124863.75,244248,0.5396399999999931,0.3600500000000137
43,0,w0_20260418_104422,44,206411.25,118008,134580.75,0.758705000000004,0.16579499999999464
43,0,w0_20260418_104422,45,353495,57827.25,236427.75,0.8977850000000097,0.42039500000000446
43,0,w0_20260418_104422,46,303702.25,119810.25,256927.5,0.7925549999999983,0.4150000000000196
43,0,w0_20260418_104422,47,119284.25,163576.5,284579.25,0.5606150000000195,0.4072450000000151
43,0,w0_20260418_104422,48,153243.5,109681.5,211725,0.6929300000000213,0.27048500000000825
43,0,w0_20260418_104422,49,333116.75,77156.25,230277,0.8491749999999054,0.40690000000001125
43,0,w0_20260418_104422,50,126630.75,143193.75,265735.5,0.5474149999999979,0.477914999999999
43,0,w0_20260418_104422,51,146966,106692.75,241661.25,0.6413299999999841,0.4019300000000049
43,0,w0_20260418_104422,52,97162,178546.5,241141.5,0.43882000000002735,0.37972500000001214
43,0,w0_20260418_104422,53,266576.25,138749.25,210874.5,0.7487549999999639,0.35355500000001083
43,0,w0_20260418_104422,54,370378.75,46434,295127.25,0.9154450000000446,0.38212500000001143
43,0,w0_20260418_104422,55,85039.75,167260.5,208059.75,0.3911749999999904,0.40426000000001633
43,0,w0_20260418_104422,56,75795.75,132449.25,203595,0.4868199999999848,0.2958700000000153
43,0,w0_20260418_104422,57,318688.25,82293,220218.75,0.8472149999999227,0.3871900000000026
43,0,w0_20260418_104422,58,364845,60615,274740,0.890984999999941,0.4167100000000016
43,0,w0_20260418_104422,59,137072.25,204847.5,266090.25,0.5299099999999985,0.3905650000000059
43,0,w0_20260418_104422,60,278039.75,162447,263483.25,0.7205000000000322,0.4333600000000016
43,0,w0_20260418_104422,61,151921.5,226218.75,300069.75,0.547309999999987,0.4137799999999895
43,0,w0_20260418_104422,62,117137.5,154483.5,311409,0.4737799999999962,0.39687499999999815
43,0,w0_20260418_104422,63,194373.75,90254.25,274332,0.7803199999999443,0.1666650000000065
43,0,w0_20260418_104422,64,341413.5,77469,266707.5,0.8675750000000031,0.3979600000000022
43,0,w0_20260418_104422,65,215375.75,203338.5,299505.75,0.6281550000000657,0.4089250000000015
43,0,w0_20260418_104422,66,149831.75,146749.5,245988.75,0.4928899999999547,0.4943750000000049
43,0,w0_20260418_104422,67,100085.75,83622,268532.25,0.403165000000032,0.48095999999998895
43,0,w0_20260418_104422,68,370578.5,33481.5,285960,0.9396449999999992,0.377965000000008
43,0,w0_20260418_104422,69,101912.25,191499.75,148368,0.49421999999999655,0.28882999999999176
43,0,w0_20260418_104422,70,82850.25,93790.5,250589.25,0.2956699999999935,0.4794650000000075
43,0,w0_20260418_104422,71,253655.5,135113.25,318641.25,0.7237700000000581,0.42232500000000056
43,0,w0_20260418_104422,72,370050.75,54434.25,273435,0.9079900000001082,0.3867500000000099
43,0,w0_20260418_104422,73,58170.5,18759,248770.5,0.442245000000073,0.4524000000000219
43,0,w0_20260418_104422,74,120558,87589.5,308572.5,0.4918300000000129,0.43239499999999054
43,0,w0_20260418_104422,75,248001,133953,233526,0.7644150000000335,0.2970850000000018
43,0,w0_20260418_104422,76,66530.75,77638.5,250710.75,0.193790000000041,0.4866850000000126
43,0,w0_20260418_104422,77,243375.5,177279.75,259884.75,0.697174999999961,0.41530999999999674
43,0,w0_20260418_104422,78,214027.25,191433.75,296349,0.6520599999999932,0.421644999999993
43,0,w0_20260418_104422,79,22388.25,79590.75,166701,0.2813400000000448,0.4054050000000002
43,0,w0_20260418_104422,80,11213,27963.75,125693.25,0.2491050000000566,0.41080500000001174
43,0,w0_20260418_104422,81,35910.75,47088,247241.25,0.12604499999999744,0.4116299999999993
43,0,w0_20260418_104422,82,26240.25,15756,211323.75,0.20730500000004567,0.4182699999999984
43,0,w0_20260418_104422,83,49379.5,196263.75,255096.75,0.442595000000012,0.2809550000000032
43,0,w0_20260418_104422,84,262863.5,142866.75,304809.75,0.7515750000000174,0.36325999999998887
43,0,w0_20260418_104422,85,166119.5,234999,299281.5,0.49987000000000825,0.4662450000000099
43,0,w0_20260418_104422,86,135242.25,155990.25,329317.5,0.5106450000000201,0.4176450000000074
43,0,w0_20260418_104422,87,12385.75,22087.5,310176.75,0.08460999999999824,0.35060499999999545
43,0,w0_20260418_104422,88,101785.75,66279,263585.25,0.2041399999999924,0.4818699999999764
43,0,w0_20260418_104422,89,66913,57203.25,316533.75,0.24655499999999175,0.3995149999999878
43,0,w0_20260418_104422,90,-10000,26123.9067,54827.796899999994,0.04312999999999888,0.5131949999999482
43,0,w0_20260418_104422,91,145654.5,90504,306241.5,0.4549750000000012,0.4179949999999932
43,0,w0_20260418_104422,92,326994.25,51054,303831.75,0.8565149999998901,0.423229999999982
43,0,w0_20260418_104422,93,32803,118044,306723,0.326399999999996,0.39688
43,0,w0_20260418_104422,94,309401.25,58631.25,325897.5,0.8874900000000183,0.3563399999999874
43,0,w0_20260418_104422,95,73775,104322.75,332612.25,0.6250799999999462,0.38279499999998184
43,0,w0_20260418_104422,96,141980,192204.75,199745.25,0.605015000000049,0.3672550000000115
43,0,w0_20260418_104422,97,95052.75,156182.25,289485,0.4304349999999907,0.4483849999999962
43,0,w0_20260418_104422,98,231996,146394,216570,0.72378000000002,0.3792849999999943
43,0,w0_20260418_104422,99,29882.5,203361.75,300705.75,0.3630249999999869,0.4122049999999877
43,0,w0_20260418_104422,100,98479.5,134512.5,251958,0.5597299999999992,0.38046499999999966
43,1,w1_20260418_105216,1,182047,151551,125982,0.7109699999999856,0.21302000000001095
43,1,w1_20260418_105216,2,278095.75,70161,67043.25,0.8708549999999876,0.17922000000000157
43,1,w1_20260418_105216,3,159122.5,191098.5,63909,0.6477599999999744,0.1982350000000064
43,1,w1_20260418_105216,4,179361.25,176951.25,46297.5,0.6758899999999567,0.21248000000000303
43,1,w1_20260418_105216,5,107833.25,251994.75,46962,0.538974999999974,0.2351150000000024
43,1,w1_20260418_105216,6,126381,234480,41889,0.5733399999999774,0.26061500000001475
43,1,w1_20260418_105216,7,30204,317712.75,67853.25,0.41531999999999714,0.15792999999999996
43,1,w1_20260418_105216,8,-9999.999999999998,98794.82179650669,9865.020641987454,0.5834999999999693,0.26453500000000196
43,1,w1_20260418_105216,9,115937.25,241794.75,50988,0.5599049999999826,0.1968449999999948
43,1,w1_20260418_105216,10,19158,282090.75,104981.25,0.3993750000000054,0.2876900000000088
43,1,w1_20260418_105216,11,193245.5,177237.75,49266.75,0.6813449999999827,0.33687000000001316
43,1,w1_20260418_105216,12,167116.25,205278,70965.75,0.6331249999999781,0.31260000000000027
43,1,w1_20260418_105216,13,156549.5,208251.75,57288.75,0.6249550000000025,0.25948999999998373
43,1,w1_20260418_105216,14,33317.5,177762,123130.5,0.416184999999999,0.3505950000000048
43,1,w1_20260418_105216,15,57951.75,298869,147839.25,0.4261900000000001,0.34381999999999646
43,1,w1_20260418_105216,16,298341.75,239336.25,106242,0.47669500000003256,0.7821899999999863
43,1,w1_20260418_105216,17,111071.25,244924.5,195134.25,0.5155549999999877,0.369125000000004
43,1,w1_20260418_105216,18,49486.75,123382.5,149520.75,0.4519899999999743,0.39463500000000057
43,1,w1_20260418_105216,19,64026.75,259107.75,124315.5,0.4243550000000001,0.3583050000000071
43,1,w1_20260418_105216,20,63867.75,284868.75,251563.5,0.37980500000001166,0.4254650000000145
43,1,w1_20260418_105216,21,323071.25,107525.25,258373.5,0.7997249999999748,0.4733449999999907
43,1,w1_20260418_105216,22,178401.25,251989.5,270959.25,0.5332500000000012,0.467164999999972
43,1,w1_20260418_105216,23,229225.5,162630,268444.5,0.7080499999999766,0.35602500000000337
43,1,w1_20260418_105216,24,237778.25,157402.5,243629.25,0.7214849999999953,0.3641850000000053
43,1,w1_20260418_105216,25,68684.5,231341.25,214094.25,0.4157099999999967,0.3661899999999996
43,1,w1_20260418_105216,26,117673,280301.25,245715.75,0.455615000000003,0.4238950000000032
43,1,w1_20260418_105216,27,57970.5,206358,284071.5,0.33846500000001645,0.4203349999999876
43,1,w1_20260418_105216,28,200333.25,238838.25,253228.5,0.5721649999999953,0.4443349999999896
43,1,w1_20260418_105216,29,142814.25,258723,250452.75,0.5429699999999962,0.3550800000000016
43,1,w1_20260418_105216,30,118478,268623.75,249098.25,0.4765600000000147,0.4188250000000064
43,1,w1_20260418_105216,31,18549,108412.5,263668.5,0.2811450000000028,0.3849749999999995
43,1,w1_20260418_105216,32,86199.25,222921.75,223779,0.42810999999997856,0.42912500000001985
43,1,w1_20260418_105216,33,196881.5,207179.25,234689.25,0.6349199999999804,0.3709000000000032
43,1,w1_20260418_105216,34,241384.25,172162.5,263003.25,0.6966499999999342,0.3934499999999954
43,1,w1_20260418_105216,35,304499,107066.25,256974.75,0.8113850000000027,0.3852950000000076
43,1,w1_20260418_105216,36,87504,305152.5,216103.5,0.4553849999999975,0.3442750000000039
43,1,w1_20260418_105216,37,179015.5,249138.75,234435.75,0.4315950000000202,0.557260000000002
43,1,w1_20260418_105216,38,117883.5,274145.25,273791.25,0.45027500000001025,0.41492499999999993
43,1,w1_20260418_105216,39,136035.75,266139.75,265564.5,0.46845500000000584,0.4455800000000052
43,1,w1_20260418_105216,40,21784.75,114551.25,279564,0.24879000000000132,0.3552799999999897
43,1,w1_20260418_105216,41,136890.25,225232.5,255017.25,0.46172500000001754,0.4325200000000016
43,1,w1_20260418_105216,42,37239.25,227988,250032.75,0.3026150000000129,0.3770050000000014
43,1,w1_20260418_105216,43,324662.5,105463.5,256674,0.8146749999999746,0.4249349999999995
43,1,w1_20260418_105216,44,92767.25,207869.25,149953.5,0.4100749999999905,0.4690649999999918
43,1,w1_20260418_105216,45,57682.75,140493.75,299893.5,0.35632499999998624,0.406474999999996
43,1,w1_20260418_105216,46,326069.25,116195.25,263545.5,0.7974350000000138,0.4455149999999835
43,1,w1_20260418_105216,47,151568.5,211893.75,153417.75,0.5921649999999984,0.3368249999999985
43,1,w1_20260418_105216,48,262303.25,144776.25,230110.5,0.746080000000007,0.3622949999999912
43,1,w1_20260418_105216,49,84631.75,201910.5,209667.75,0.47341999999997686,0.3875650000000109
43,1,w1_20260418_105216,50,326982.25,92296.5,247601.25,0.836969999999972,0.3936799999999999
43,1,w1_20260418_105216,51,349477.75,80102.25,256710,0.861849999999994,0.41411999999999743
43,1,w1_20260418_105216,52,323995,114476.25,268548.75,0.8041649999999952,0.4253700000000027
43,1,w1_20260418_105216,53,365114.5,61636.5,255579,0.8947300000000121,0.38038000000000893
43,1,w1_20260418_105216,54,165190,256424.25,265815.75,0.5567100000000048,0.39170499999999936
43,1,w1_20260418_105216,55,35009.5,191182.5,186588,0.3787849999999932,0.3428550000000026
43,1,w1_20260418_105216,56,242981,158955.75,191063.25,0.7218849999999917,0.3165949999999984
43,1,w1_20260418_105216,57,6771,122804.25,123354.75,0.29438499999999385,0.3549950000000115
43,1,w1_20260418_105216,58,373604.5,34233.75,97281.75,0.930899999999954,0.41507000000000743
43,1,w1_20260418_105216,59,264376.25,158884.5,248729.25,0.7300849999999813,0.39829999999999655
43,1,w1_20260418_105216,60,116661.25,184943.25,228295.5,0.512689999999994,0.3901150000000003
43,1,w1_20260418_105216,61,350440.25,82144.5,229415.25,0.8575799999999506,0.43862000000000617
43,1,w1_20260418_105216,62,230724.5,164187,234778.5,0.6854050000000178,0.41833499999999674
43,1,w1_20260418_105216,63,37867.5,66187.5,289815,0.3058400000000042,0.3906350000000084
43,1,w1_20260418_105216,64,400748.5,37854,253807.5,0.9349799999999996,0.43521500000000696
43,1,w1_20260418_105216,65,128606.75,131812.5,287670.75,0.44680000000001446,0.444520000000017
43,1,w1_20260418_105216,66,282992.5,121615.5,220182,0.7905449999999521,0.33028500000000466
43,1,w1_20260418_105216,67,374558.25,78297,217794.75,0.8645900000000156,0.4773949999999879
43,1,w1_20260418_105216,68,146562,141602.25,244935.75,0.5214350000000187,0.41630500000001713
43,1,w1_20260418_105216,69,262949.5,155497.5,225543,0.7139149999999735,0.4229899999999925
43,1,w1_20260418_105216,70,146007,256583.25,247509.75,0.5538749999999875,0.3448350000000049
43,1,w1_20260418_105216,71,132201.75,186140.25,204558,0.6117899999999736,0.29081499999998894
43,1,w1_20260418_105216,72,107602,198355.5,224062.5,0.4667449999999984,0.3712850000000047
43,1,w1_20260418_105216,73,272831,144060,236439,0.7324149999999721,0.43200499999999736
43,1,w1_20260418_105216,74,291836.75,146862,203201.25,0.7130850000000362,0.5124249999999836
43,1,w1_20260418_105216,75,72942.75,195787.5,243369.75,0.4790500000000074,0.33461000000001445
43,1,w1_20260418_105216,76,2179,56098.5,205012.5,0.2050849999999846,0.3804449999999717
43,1,w1_20260418_105216,77,40235.75,97062.75,327541.5,0.32619499999999213,0.3571950000000089
43,1,w1_20260418_105216,78,45877.5,102694.5,311088,0.38627999999999146,0.37717500000001
43,1,w1_20260418_105216,79,213827.25,81075,250107.75,0.5748699999999906,0.44044499999999254
43,1,w1_20260418_105216,80,56968,132018,223794,0.477734999999996,0.3948250000000223
43,1,w1_20260418_105216,81,243852,179763,280905,0.6956149999999804,0.3969200000000017
43,1,w1_20260418_105216,82,67815,105168.75,162896.25,0.34563999999998546,0.5479300000000135
43,1,w1_20260418_105216,83,180541.5,111537.75,261930.75,0.6402399999999703,0.4477899999999865
43,1,w1_20260418_105216,84,46577.5,113143.5,244629,0.29252499999996545,0.4005949999999997
43,1,w1_20260418_105216,85,50836.25,143628,295095.75,0.3703149999999972,0.3748500000000063
43,1,w1_20260418_105216,86,229222.5,180322.5,296415,0.6745350000000088,0.40271499999999744
43,1,w1_20260418_105216,87,99227.75,157714.5,299067.75,0.4501449999999921,0.3748800000000044
43,1,w1_20260418_105216,88,84778.5,183874.5,292107,0.4642450000000042,0.3840150000000084
43,1,w1_20260418_105216,89,204623.25,204435,237771.75,0.614680000000002,0.4532450000000012
43,1,w1_20260418_105216,90,52327.5,163197,318085.5,0.38154999999999434,0.3923650000000064
43,1,w1_20260418_105216,91,45825.75,162760.5,329793.75,0.3536549999999809,0.3833549999999896
43,1,w1_20260418_105216,92,9631.5,94577.25,273431.25,0.3266749999999881,0.3602100000000263
43,1,w1_20260418_105216,93,299635.5,51294,261400.5,0.8939799999999737,0.36013499999999643
43,1,w1_20260418_105216,94,271361,111606.75,203282.25,0.7330849999999441,0.4469699999999796
43,1,w1_20260418_105216,95,95569.5,134142.75,258507.75,0.3739049999999856,0.443194999999984
43,1,w1_20260418_105216,96,96794,118460.25,259845.75,0.4231150000000074,0.4329199999999826
43,1,w1_20260418_105216,97,193999.75,144782.25,289938,0.6209499999999891,0.4132649999999934
43,1,w1_20260418_105216,98,21966.5,122814,62359.5,0.37022499999997166,0.4280200000000186
43,1,w1_20260418_105216,99,132407.25,115229.25,188203.5,0.5495300000000071,0.3920000000000059
43,1,w1_20260418_105216,100,128650.75,111051.75,281137.5,0.4423849999999876,0.43798000000000464
