episode_id,round,investment,repay_prop,reward
1595835229_90,0,11.0,0.25,17.25
1595835229_90,1,16.0,0.0,4.0
1595835229_90,2,6.0,1.0,32.0
1595835229_90,3,5.0,0.5,22.5
1595835229_90,4,4.0,0.0,16.0
1595835229_90,5,8.0,0.0,12.0
1595835229_90,6,5.0,0.25,18.75
1595835229_90,7,11.0,0.75,33.75
1595835229_90,8,13.0,0.0,7.0
1595835229_90,9,9.0,0.75,31.25
1595835231_20,0,15.0,0.25,16.25
1595835231_20,1,4.0,0.5,22.0
1595835231_20,2,0.0,0.0,20.0
1595835231_20,3,5.0,0.5,22.5
1595835231_20,4,13.0,0.0,7.0
1595835231_20,5,0.0,0.0,20.0
1595835231_20,6,0.0,0.0,20.0
1595835231_20,7,4.0,0.25,19.0
1595835231_20,8,4.0,0.25,19.0
1595835231_20,9,4.0,0.5,22.0
1595835233_77,0,5.0,0.75,26.25
1595835233_77,1,10.0,0.0,10.0
1595835233_77,2,5.0,0.0,15.0
1595835233_77,3,1.0,0.5,20.5
1595835233_77,4,1.0,0.0,19.0
1595835233_77,5,1.0,0.0,19.0
1595835233_77,6,1.0,0.75,21.25
1595835233_77,7,0.0,0.0,20.0
1595835233_77,8,1.0,0.75,21.25
1595835233_77,9,2.0,0.5,21.0
1595835238_57,0,15.0,0.5,27.5
1595835238_57,1,14.0,0.5,27.0
1595835238_57,2,13.0,1.0,46.0
1595835238_57,3,16.0,0.0,4.0
1595835238_57,4,15.0,0.25,16.25
1595835238_57,5,13.0,1.0,46.0
1595835238_57,6,16.0,0.0,4.0
1595835238_57,7,16.0,0.75,40.0
1595835238_57,8,13.0,0.0,7.0
1595835238_57,9,17.0,0.0,3.0
1595835243_57,0,6.0,0.25,18.5
1595835243_57,1,4.0,0.25,19.0
1595835243_57,2,7.0,0.0,13.0
1595835243_57,3,0.0,0.0,20.0
1595835243_57,4,2.0,0.75,22.5
1595835243_57,5,5.0,0.25,18.75
1595835243_57,6,0.0,0.0,20.0
1595835243_57,7,5.0,0.75,26.25
1595835243_57,8,10.0,0.25,17.5
1595835243_57,9,6.0,0.25,18.5
1595835244_53,0,20.0,1.0,60.0
1595835244_53,1,20.0,0.0,0.0
1595835244_53,2,15.0,0.5,27.5
1595835244_53,3,18.0,0.0,2.0
1595835244_53,4,16.0,0.75,40.0
1595835244_53,5,16.0,0.75,40.0
1595835244_53,6,16.0,0.0,4.0
1595835244_53,7,9.0,0.0,11.0
1595835244_53,8,12.0,0.0,8.0
1595835244_53,9,15.0,0.25,16.25
1595835249_87,0,15.0,0.0,5.0
1595835249_87,1,20.0,1.0,60.0
1595835249_87,2,6.0,0.25,18.5
1595835249_87,3,5.0,0.0,15.0
1595835249_87,4,5.0,1.0,30.0
1595835249_87,5,4.0,0.25,19.0
1595835249_87,6,11.0,0.25,17.25
1595835249_87,7,1.0,0.0,19.0
1595835249_87,8,6.0,1.0,32.0
1595835249_87,9,6.0,0.25,18.5
1595835252_44,0,10.0,0.5,25.0
1595835252_44,1,15.0,0.0,5.0
1595835252_44,2,4.0,1.0,28.0
1595835252_44,3,0.0,0.0,20.0
1595835252_44,4,0.0,0.0,20.0
1595835252_44,5,10.0,0.75,32.5
1595835252_44,6,10.0,0.0,10.0
1595835252_44,7,0.0,0.0,20.0
1595835252_44,8,0.0,0.0,20.0
1595835252_44,9,0.0,0.0,20.0
1595835252_51,0,4.0,1.0,28.0
1595835252_51,1,9.0,0.25,17.75
1595835252_51,2,6.0,0.0,14.0
1595835252_51,3,2.0,0.0,18.0
1595835252_51,4,0.0,0.0,20.0
1595835252_51,5,0.0,0.0,20.0
1595835252_51,6,1.0,0.75,21.25
1595835252_51,7,11.0,0.75,33.75
1595835252_51,8,8.0,0.5,24.0
1595835252_51,9,9.0,0.0,11.0
1595835252_85,0,2.0,0.75,22.5
1595835252_85,1,1.0,1.0,22.0
1595835252_85,2,0.0,0.0,20.0
1595835252_85,3,0.0,0.0,20.0
1595835252_85,4,0.0,0.0,20.0
1595835252_85,5,0.0,0.0,20.0
1595835252_85,6,1.0,0.5,20.5
1595835252_85,7,1.0,1.0,22.0
1595835252_85,8,1.0,0.5,20.5
1595835252_85,9,0.0,0.0,20.0
1595835256_50,0,20.0,0.0,0.0
1595835256_50,1,0.0,0.0,20.0
1595835256_50,2,0.0,0.0,20.0
1595835256_50,3,10.0,1.0,40.0
1595835256_50,4,20.0,0.5,30.0
1595835256_50,5,20.0,1.0,60.0
1595835256_50,6,20.0,1.0,60.0
1595835256_50,7,20.0,0.0,0.0
1595835256_50,8,10.0,0.0,10.0
1595835256_50,9,0.0,0.0,20.0
1595835256_83,0,15.0,1.0,50.0
1595835256_83,1,15.0,0.25,16.25
1595835256_83,2,15.0,0.0,5.0
1595835256_83,3,2.0,0.0,18.0
1595835256_83,4,5.0,1.0,30.0
1595835256_83,5,15.0,0.75,38.75
1595835256_83,6,5.0,1.0,30.0
1595835256_83,7,15.0,0.75,38.75
1595835256_83,8,15.0,0.25,16.25
1595835256_83,9,5.0,0.5,22.5
1595835258_75,0,15.0,0.0,5.0
1595835258_75,1,15.0,0.0,5.0
1595835258_75,2,5.0,1.0,30.0
1595835258_75,3,5.0,0.5,22.5
1595835258_75,4,5.0,0.0,15.0
1595835258_75,5,7.0,0.5,23.5
1595835258_75,6,7.0,0.0,13.0
1595835258_75,7,5.0,0.0,15.0
1595835258_75,8,5.0,1.0,30.0
1595835258_75,9,6.0,0.0,14.0
1595835265_79,0,15.0,0.75,38.75
1595835265_79,1,12.0,0.25,17.0
1595835265_79,2,8.0,0.25,18.0
1595835265_79,3,10.0,0.75,32.5
1595835265_79,4,13.0,0.25,16.75
1595835265_79,5,12.0,0.0,8.0
1595835265_79,6,8.0,1.0,36.0
1595835265_79,7,11.0,0.75,33.75
1595835265_79,8,7.0,0.75,28.75
1595835265_79,9,8.0,0.0,12.0
1595835267_65,0,14.0,0.0,6.0
1595835267_65,1,15.0,0.75,38.75
1595835267_65,2,15.0,1.0,50.0
1595835267_65,3,20.0,1.0,60.0
1595835267_65,4,13.0,1.0,46.0
1595835267_65,5,9.0,1.0,38.0
1595835267_65,6,6.0,0.0,14.0
1595835267_65,7,7.0,0.75,28.75
1595835267_65,8,15.0,0.5,27.5
1595835267_65,9,16.0,0.0,4.0
1595835269_9,0,15.0,1.0,50.0
1595835269_9,1,15.0,0.5,27.5
1595835269_9,2,15.0,1.0,50.0
1595835269_9,3,20.0,1.0,60.0
1595835269_9,4,15.0,1.0,50.0
1595835269_9,5,10.0,0.25,17.5
1595835269_9,6,15.0,0.5,27.5
1595835269_9,7,15.0,0.0,5.0
1595835269_9,8,15.0,0.0,5.0
1595835269_9,9,20.0,0.5,30.0
1595835270_94,0,15.0,0.0,5.0
1595835270_94,1,18.0,0.5,29.0
1595835270_94,2,19.0,0.25,15.25
1595835270_94,3,19.0,1.0,58.0
1595835270_94,4,19.0,0.5,29.5
1595835270_94,5,5.0,0.5,22.5
1595835270_94,6,15.0,0.25,16.25
1595835270_94,7,20.0,0.5,30.0
1595835270_94,8,15.0,0.0,5.0
1595835270_94,9,15.0,0.0,5.0
1595835271_47,0,20.0,1.0,60.0
1595835271_47,1,15.0,1.0,50.0
1595835271_47,2,19.0,1.0,58.0
1595835271_47,3,19.0,0.0,1.0
1595835271_47,4,15.0,0.25,16.25
1595835271_47,5,17.0,0.25,15.75
1595835271_47,6,15.0,0.0,5.0
1595835271_47,7,5.0,0.75,26.25
1595835271_47,8,17.0,0.75,41.25
1595835271_47,9,20.0,0.25,15.0
1595835272_83,0,15.0,0.25,16.25
1595835272_83,1,5.0,0.25,18.75
1595835272_83,2,15.0,0.25,16.25
1595835272_83,3,5.0,0.0,15.0
1595835272_83,4,15.0,0.25,16.25
1595835272_83,5,20.0,0.5,30.0
1595835272_83,6,20.0,0.75,45.0
1595835272_83,7,20.0,0.75,45.0
1595835272_83,8,20.0,0.0,0.0
1595835272_83,9,20.0,0.25,15.0
1595835273_47,0,12.0,0.25,17.0
1595835273_47,1,15.0,0.75,38.75
1595835273_47,2,17.0,0.5,28.5
1595835273_47,3,7.0,1.0,34.0
1595835273_47,4,15.0,0.0,5.0
1595835273_47,5,18.0,0.5,29.0
1595835273_47,6,20.0,0.5,30.0
1595835273_47,7,5.0,0.5,22.5
1595835273_47,8,16.0,0.5,28.0
1595835273_47,9,5.0,0.0,15.0
1595835276_50,0,15.0,0.5,27.5
1595835276_50,1,15.0,0.0,5.0
1595835276_50,2,13.0,0.75,36.25
1595835276_50,3,13.0,0.25,16.75
1595835276_50,4,14.0,0.5,27.0
1595835276_50,5,15.0,0.0,5.0
1595835276_50,6,16.0,0.75,40.0
1595835276_50,7,15.0,0.25,16.25
1595835276_50,8,17.0,1.0,54.0
1595835276_50,9,16.0,1.0,52.0
1595835276_74,0,15.0,0.25,16.25
1595835276_74,1,5.0,0.75,26.25
1595835276_74,2,15.0,0.25,16.25
1595835276_74,3,5.0,0.0,15.0
1595835276_74,4,11.0,0.5,25.5
1595835276_74,5,8.0,0.25,18.0
1595835276_74,6,5.0,1.0,30.0
1595835276_74,7,13.0,0.0,7.0
1595835276_74,8,11.0,0.25,17.25
1595835276_74,9,16.0,0.25,16.0
1595835277_79,0,15.0,1.0,50.0
1595835277_79,1,6.0,0.5,23.0
1595835277_79,2,4.0,0.75,25.0
1595835277_79,3,6.0,0.5,23.0
1595835277_79,4,11.0,0.0,9.0
1595835277_79,5,7.0,0.75,28.75
1595835277_79,6,5.0,0.25,18.75
1595835277_79,7,4.0,1.0,28.0
1595835277_79,8,4.0,0.0,16.0
1595835277_79,9,4.0,0.5,22.0
1595835280_27,0,11.0,0.75,33.75
1595835280_27,1,13.0,0.5,26.5
1595835280_27,2,15.0,0.25,16.25
1595835280_27,3,15.0,0.5,27.5
1595835280_27,4,13.0,1.0,46.0
1595835280_27,5,14.0,0.0,6.0
1595835280_27,6,13.0,0.25,16.75
1595835280_27,7,14.0,0.0,6.0
1595835280_27,8,13.0,0.75,36.25
1595835280_27,9,12.0,1.0,44.0
1595835281_11,0,16.0,0.5,28.0
1595835281_11,1,15.0,0.5,27.5
1595835281_11,2,13.0,0.25,16.75
1595835281_11,3,14.0,1.0,48.0
1595835281_11,4,15.0,0.0,5.0
1595835281_11,5,15.0,0.75,38.75
1595835281_11,6,14.0,0.75,37.5
1595835281_11,7,15.0,0.0,5.0
1595835281_11,8,13.0,0.0,7.0
1595835281_11,9,13.0,0.5,26.5
1595835287_65,0,15.0,1.0,50.0
1595835287_65,1,20.0,0.5,30.0
1595835287_65,2,16.0,0.25,16.0
1595835287_65,3,20.0,0.0,0.0
1595835287_65,4,15.0,0.25,16.25
1595835287_65,5,15.0,0.0,5.0
1595835287_65,6,15.0,1.0,50.0
1595835287_65,7,16.0,1.0,52.0
1595835287_65,8,17.0,0.75,41.25
1595835287_65,9,16.0,1.0,52.0
1595835288_73,0,16.0,1.0,52.0
1595835288_73,1,13.0,0.25,16.75
1595835288_73,2,13.0,0.0,7.0
1595835288_73,3,14.0,0.75,37.5
1595835288_73,4,15.0,1.0,50.0
1595835288_73,5,13.0,0.25,16.75
1595835288_73,6,15.0,0.0,5.0
1595835288_73,7,14.0,0.25,16.5
1595835288_73,8,15.0,0.0,5.0
1595835288_73,9,18.0,1.0,56.0
1595835289_61,0,19.0,0.75,43.75
1595835289_61,1,19.0,0.25,15.25
1595835289_61,2,15.0,0.5,27.5
1595835289_61,3,1.0,0.25,19.75
1595835289_61,4,12.0,0.25,17.0
1595835289_61,5,1.0,0.25,19.75
1595835289_61,6,20.0,0.5,30.0
1595835289_61,7,20.0,0.25,15.0
1595835289_61,8,15.0,0.0,5.0
1595835289_61,9,20.0,0.0,0.0
1595835296_3,0,15.0,0.5,27.5
1595835296_3,1,15.0,0.25,16.25
1595835296_3,2,14.0,0.5,27.0
1595835296_3,3,18.0,1.0,56.0
1595835296_3,4,14.0,0.75,37.5
1595835296_3,5,17.0,0.75,41.25
1595835296_3,6,19.0,0.75,43.75
1595835296_3,7,17.0,0.75,41.25
1595835296_3,8,17.0,0.25,15.75
1595835296_3,9,16.0,0.0,4.0
1595835297_55,0,15.0,0.0,5.0
1595835297_55,1,20.0,0.0,0.0
1595835297_55,2,5.0,1.0,30.0
1595835297_55,3,7.0,0.0,13.0
1595835297_55,4,4.0,0.25,19.0
1595835297_55,5,7.0,0.75,28.75
1595835297_55,6,10.0,0.5,25.0
1595835297_55,7,5.0,0.0,15.0
1595835297_55,8,14.0,1.0,48.0
1595835297_55,9,14.0,1.0,48.0
1595835315_17,0,10.0,1.0,40.0
1595835315_17,1,15.0,0.0,5.0
1595835315_17,2,0.0,0.0,20.0
1595835315_17,3,5.0,0.0,15.0
1595835315_17,4,0.0,0.0,20.0
1595835315_17,5,7.0,0.25,18.25
1595835315_17,6,16.0,1.0,52.0
1595835315_17,7,5.0,0.75,26.25
1595835315_17,8,0.0,0.0,20.0
1595835315_17,9,0.0,0.0,20.0
1595835321_87,0,12.0,1.0,44.0
1595835321_87,1,13.0,0.75,36.25
1595835321_87,2,14.0,0.5,27.0
1595835321_87,3,14.0,0.0,6.0
1595835321_87,4,12.0,0.5,26.0
1595835321_87,5,13.0,1.0,46.0
1595835321_87,6,15.0,0.0,5.0
1595835321_87,7,15.0,1.0,50.0
1595835321_87,8,14.0,0.0,6.0
1595835321_87,9,15.0,1.0,50.0
1595835323_63,0,15.0,0.5,27.5
1595835323_63,1,19.0,0.75,43.75
1595835323_63,2,15.0,0.25,16.25
1595835323_63,3,17.0,0.25,15.75
1595835323_63,4,13.0,1.0,46.0
1595835323_63,5,17.0,1.0,54.0
1595835323_63,6,14.0,0.0,6.0
1595835323_63,7,17.0,0.25,15.75
1595835323_63,8,17.0,0.0,3.0
1595835323_63,9,13.0,1.0,46.0
1595835324_9,0,5.0,1.0,30.0
1595835324_9,1,17.0,0.25,15.75
1595835324_9,2,8.0,0.75,30.0
1595835324_9,3,15.0,1.0,50.0
1595835324_9,4,19.0,0.0,1.0
1595835324_9,5,8.0,0.0,12.0
1595835324_9,6,15.0,0.25,16.25
1595835324_9,7,13.0,0.75,36.25
1595835324_9,8,20.0,1.0,60.0
1595835324_9,9,20.0,0.0,0.0
1595835334_55,0,15.0,1.0,50.0
1595835334_55,1,11.0,0.5,25.5
1595835334_55,2,15.0,0.0,5.0
1595835334_55,3,7.0,0.5,23.5
1595835334_55,4,8.0,1.0,36.0
1595835334_55,5,12.0,1.0,44.0
1595835334_55,6,12.0,0.75,35.0
1595835334_55,7,14.0,0.25,16.5
1595835334_55,8,7.0,1.0,34.0
1595835334_55,9,4.0,1.0,28.0
1595835343_22,0,15.0,0.75,38.75
1595835343_22,1,15.0,0.25,16.25
1595835343_22,2,8.0,0.0,12.0
1595835343_22,3,5.0,0.0,15.0
1595835343_22,4,6.0,0.0,14.0
1595835343_22,5,4.0,1.0,28.0
1595835343_22,6,7.0,0.75,28.75
1595835343_22,7,8.0,0.75,30.0
1595835343_22,8,7.0,0.0,13.0
1595835343_22,9,5.0,0.0,15.0
1595835347_72,0,15.0,0.25,16.25
1595835347_72,1,15.0,0.75,38.75
1595835347_72,2,16.0,0.75,40.0
1595835347_72,3,15.0,0.0,5.0
1595835347_72,4,12.0,1.0,44.0
1595835347_72,5,11.0,0.25,17.25
1595835347_72,6,14.0,0.5,27.0
1595835347_72,7,8.0,0.0,12.0
1595835347_72,8,12.0,0.25,17.0
1595835347_72,9,9.0,0.25,17.75
1595835350_28,0,4.0,1.0,28.0
1595835350_28,1,5.0,1.0,30.0
1595835350_28,2,6.0,0.75,27.5
1595835350_28,3,13.0,0.5,26.5
1595835350_28,4,13.0,1.0,46.0
1595835350_28,5,13.0,0.5,26.5
1595835350_28,6,15.0,0.75,38.75
1595835350_28,7,15.0,0.0,5.0
1595835350_28,8,12.0,0.5,26.0
1595835350_28,9,13.0,0.75,36.25
1595835356_55,0,10.0,1.0,40.0
1595835356_55,1,5.0,0.25,18.75
1595835356_55,2,5.0,0.25,18.75
1595835356_55,3,2.0,0.25,19.5
1595835356_55,4,4.0,1.0,28.0
1595835356_55,5,7.0,0.0,13.0
1595835356_55,6,10.0,1.0,40.0
1595835356_55,7,8.0,0.25,18.0
1595835356_55,8,11.0,0.0,9.0
1595835356_55,9,0.0,0.0,20.0
1595835372_27,0,5.0,0.75,26.25
1595835372_27,1,10.0,0.75,32.5
1595835372_27,2,5.0,0.25,18.75
1595835372_27,3,15.0,1.0,50.0
1595835372_27,4,20.0,0.5,30.0
1595835372_27,5,9.0,0.5,24.5
1595835372_27,6,10.0,0.75,32.5
1595835372_27,7,15.0,0.25,16.25
1595835372_27,8,4.0,0.0,16.0
1595835372_27,9,7.0,0.0,13.0
1595835383_34,0,14.0,0.25,16.5
1595835383_34,1,7.0,0.25,18.25
1595835383_34,2,6.0,0.75,27.5
1595835383_34,3,13.0,0.0,7.0
1595835383_34,4,0.0,0.0,20.0
1595835383_34,5,14.0,0.5,27.0
1595835383_34,6,16.0,1.0,52.0
1595835383_34,7,14.0,1.0,48.0
1595835383_34,8,20.0,1.0,60.0
1595835383_34,9,20.0,0.0,0.0
1595835384_53,0,17.0,0.25,15.75
1595835384_53,1,13.0,1.0,46.0
1595835384_53,2,15.0,0.25,16.25
1595835384_53,3,14.0,1.0,48.0
1595835384_53,4,16.0,1.0,52.0
1595835384_53,5,16.0,0.25,16.0
1595835384_53,6,15.0,1.0,50.0
1595835384_53,7,18.0,0.75,42.5
1595835384_53,8,17.0,0.75,41.25
1595835384_53,9,14.0,0.0,6.0
1595835387_39,0,16.0,0.75,40.0
1595835387_39,1,16.0,0.75,40.0
1595835387_39,2,16.0,0.75,40.0
1595835387_39,3,15.0,1.0,50.0
1595835387_39,4,16.0,1.0,52.0
1595835387_39,5,15.0,1.0,50.0
1595835387_39,6,16.0,1.0,52.0
1595835387_39,7,17.0,0.25,15.75
1595835387_39,8,16.0,0.75,40.0
1595835387_39,9,16.0,0.0,4.0
1595835393_76,0,7.0,0.75,28.75
1595835393_76,1,8.0,0.5,24.0
1595835393_76,2,2.0,0.75,22.5
1595835393_76,3,3.0,0.25,19.25
1595835393_76,4,2.0,0.25,19.5
1595835393_76,5,9.0,0.25,17.75
1595835393_76,6,0.0,0.0,20.0
1595835393_76,7,1.0,1.0,22.0
1595835393_76,8,1.0,0.5,20.5
1595835393_76,9,0.0,0.0,20.0
1595835399_63,0,13.0,0.5,26.5
1595835399_63,1,15.0,0.0,5.0
1595835399_63,2,14.0,0.75,37.5
1595835399_63,3,15.0,0.25,16.25
1595835399_63,4,17.0,1.0,54.0
1595835399_63,5,16.0,1.0,52.0
1595835399_63,6,15.0,0.75,38.75
1595835399_63,7,16.0,1.0,52.0
1595835399_63,8,15.0,0.75,38.75
1595835399_63,9,16.0,0.25,16.0
1595835406_78,0,16.0,0.75,40.0
1595835406_78,1,20.0,0.5,30.0
1595835406_78,2,17.0,0.0,3.0
1595835406_78,3,17.0,0.25,15.75
1595835406_78,4,17.0,0.75,41.25
1595835406_78,5,20.0,0.25,15.0
1595835406_78,6,20.0,0.5,30.0
1595835406_78,7,19.0,0.75,43.75
1595835406_78,8,20.0,0.5,30.0
1595835406_78,9,16.0,0.75,40.0
1595835412_13,0,15.0,0.75,38.75
1595835412_13,1,20.0,0.5,30.0
1595835412_13,2,17.0,0.25,15.75
1595835412_13,3,5.0,0.5,22.5
1595835412_13,4,11.0,0.5,25.5
1595835412_13,5,15.0,0.25,16.25
1595835412_13,6,11.0,0.5,25.5
1595835412_13,7,7.0,0.75,28.75
1595835412_13,8,9.0,0.75,31.25
1595835412_13,9,12.0,0.25,17.0
1595835456_99,0,15.0,0.25,16.25
1595835456_99,1,16.0,0.75,40.0
1595835456_99,2,7.0,0.75,28.75
1595835456_99,3,7.0,0.75,28.75
1595835456_99,4,8.0,1.0,36.0
1595835456_99,5,10.0,0.0,10.0
1595835456_99,6,8.0,0.5,24.0
1595835456_99,7,9.0,0.5,24.5
1595835456_99,8,13.0,0.0,7.0
1595835456_99,9,13.0,0.25,16.75
1595835466_17,0,15.0,0.25,16.25
1595835466_17,1,18.0,0.5,29.0
1595835466_17,2,18.0,0.25,15.5
1595835466_17,3,15.0,0.25,16.25
1595835466_17,4,17.0,0.5,28.5
1595835466_17,5,17.0,1.0,54.0
1595835466_17,6,13.0,0.75,36.25
1595835466_17,7,9.0,1.0,38.0
1595835466_17,8,14.0,0.25,16.5
1595835466_17,9,20.0,0.5,30.0
1595835491_72,0,15.0,0.25,16.25
1595835491_72,1,10.0,0.0,10.0
1595835491_72,2,15.0,0.25,16.25
1595835491_72,3,5.0,1.0,30.0
1595835491_72,4,15.0,0.5,27.5
1595835491_72,5,15.0,1.0,50.0
1595835491_72,6,5.0,0.75,26.25
1595835491_72,7,10.0,0.0,10.0
1595835491_72,8,20.0,0.75,45.0
1595835491_72,9,15.0,0.75,38.75
1595835494_20,0,10.0,0.5,25.0
1595835494_20,1,15.0,0.5,27.5
1595835494_20,2,16.0,0.5,28.0
1595835494_20,3,17.0,0.75,41.25
1595835494_20,4,17.0,1.0,54.0
1595835494_20,5,18.0,0.0,2.0
1595835494_20,6,10.0,0.25,17.5
1595835494_20,7,5.0,0.25,18.75
1595835494_20,8,2.0,0.0,18.0
1595835494_20,9,0.0,0.0,20.0
1595835517_100,0,15.0,0.75,38.75
1595835517_100,1,19.0,0.75,43.75
1595835517_100,2,18.0,0.25,15.5
1595835517_100,3,18.0,0.75,42.5
1595835517_100,4,15.0,0.25,16.25
1595835517_100,5,20.0,0.75,45.0
1595835517_100,6,15.0,0.0,5.0
1595835517_100,7,5.0,0.5,22.5
1595835517_100,8,15.0,0.5,27.5
1595835517_100,9,20.0,0.0,0.0
1595835527_45,0,13.0,0.25,16.75
1595835527_45,1,13.0,0.75,36.25
1595835527_45,2,7.0,0.25,18.25
1595835527_45,3,15.0,0.0,5.0
1595835527_45,4,17.0,0.0,3.0
1595835527_45,5,15.0,0.75,38.75
1595835527_45,6,14.0,0.0,6.0
1595835527_45,7,15.0,0.0,5.0
1595835527_45,8,16.0,1.0,52.0
1595835527_45,9,15.0,1.0,50.0
1595835527_84,0,6.0,0.25,18.5
1595835527_84,1,2.0,1.0,24.0
1595835527_84,2,5.0,0.75,26.25
1595835527_84,3,13.0,0.0,7.0
1595835527_84,4,4.0,1.0,28.0
1595835527_84,5,2.0,0.0,18.0
1595835527_84,6,4.0,0.25,19.0
1595835527_84,7,8.0,1.0,36.0
1595835527_84,8,7.0,0.25,18.25
1595835527_84,9,6.0,0.75,27.5
1595835529_49,0,9.0,0.25,17.75
1595835529_49,1,7.0,0.75,28.75
1595835529_49,2,14.0,0.25,16.5
1595835529_49,3,16.0,0.5,28.0
1595835529_49,4,8.0,0.25,18.0
1595835529_49,5,13.0,0.75,36.25
1595835529_49,6,13.0,0.25,16.75
1595835529_49,7,12.0,0.5,26.0
1595835529_49,8,15.0,1.0,50.0
1595835529_49,9,6.0,1.0,32.0
1595835531_84,0,18.0,0.5,29.0
1595835531_84,1,15.0,0.75,38.75
1595835531_84,2,17.0,0.5,28.5
1595835531_84,3,18.0,0.5,29.0
1595835531_84,4,15.0,1.0,50.0
1595835531_84,5,16.0,0.5,28.0
1595835531_84,6,18.0,0.25,15.5
1595835531_84,7,20.0,0.25,15.0
1595835531_84,8,18.0,0.25,15.5
1595835531_84,9,18.0,0.75,42.5
1595835540_51,0,8.0,0.0,12.0
1595835540_51,1,8.0,0.0,12.0
1595835540_51,2,11.0,0.25,17.25
1595835540_51,3,8.0,0.75,30.0
1595835540_51,4,7.0,1.0,34.0
1595835540_51,5,8.0,0.0,12.0
1595835540_51,6,12.0,1.0,44.0
1595835540_51,7,12.0,0.0,8.0
1595835540_51,8,8.0,0.0,12.0
1595835540_51,9,7.0,0.5,23.5
1595835542_28,0,20.0,0.5,30.0
1595835542_28,1,20.0,0.75,45.0
1595835542_28,2,20.0,1.0,60.0
1595835542_28,3,20.0,1.0,60.0
1595835542_28,4,20.0,0.75,45.0
1595835542_28,5,20.0,1.0,60.0
1595835542_28,6,20.0,0.75,45.0
1595835542_28,7,20.0,0.75,45.0
1595835542_28,8,20.0,0.75,45.0
1595835542_28,9,20.0,1.0,60.0
1595835546_76,0,13.0,0.5,26.5
1595835546_76,1,14.0,0.5,27.0
1595835546_76,2,13.0,0.5,26.5
1595835546_76,3,14.0,0.25,16.5
1595835546_76,4,13.0,0.5,26.5
1595835546_76,5,16.0,0.0,4.0
1595835546_76,6,16.0,0.0,4.0
1595835546_76,7,18.0,0.75,42.5
1595835546_76,8,16.0,1.0,52.0
1595835546_76,9,17.0,0.75,41.25
1595835547_4,0,15.0,0.25,16.25
1595835547_4,1,15.0,0.25,16.25
1595835547_4,2,5.0,0.5,22.5
1595835547_4,3,1.0,0.75,21.25
1595835547_4,4,7.0,0.75,28.75
1595835547_4,5,4.0,1.0,28.0
1595835547_4,6,3.0,0.75,23.75
1595835547_4,7,5.0,0.75,26.25
1595835547_4,8,1.0,0.0,19.0
1595835547_4,9,8.0,0.0,12.0
1595835594_95,0,8.0,1.0,36.0
1595835594_95,1,12.0,0.25,17.0
1595835594_95,2,12.0,0.5,26.0
1595835594_95,3,7.0,0.5,23.5
1595835594_95,4,16.0,1.0,52.0
1595835594_95,5,6.0,0.25,18.5
1595835594_95,6,8.0,0.0,12.0
1595835594_95,7,5.0,0.25,18.75
1595835594_95,8,11.0,0.5,25.5
1595835594_95,9,7.0,0.5,23.5
1595835649_90,0,6.0,1.0,32.0
1595835649_90,1,2.0,0.25,19.5
1595835649_90,2,3.0,1.0,26.0
1595835649_90,3,2.0,0.25,19.5
1595835649_90,4,3.0,0.25,19.25
1595835649_90,5,3.0,0.0,17.0
1595835649_90,6,2.0,0.5,21.0
1595835649_90,7,3.0,0.25,19.25
1595835649_90,8,2.0,0.25,19.5
1595835649_90,9,3.0,0.25,19.25
1595835658_18,0,12.0,0.75,35.0
1595835658_18,1,12.0,1.0,44.0
1595835658_18,2,17.0,0.75,41.25
1595835658_18,3,12.0,0.75,35.0
1595835658_18,4,12.0,0.75,35.0
1595835658_18,5,14.0,0.75,37.5
1595835658_18,6,13.0,0.5,26.5
1595835658_18,7,13.0,1.0,46.0
1595835658_18,8,13.0,0.5,26.5
1595835658_18,9,18.0,0.75,42.5
1595835671_48,0,2.0,0.0,18.0
1595835671_48,1,5.0,1.0,30.0
1595835671_48,2,7.0,0.0,13.0
1595835671_48,3,12.0,1.0,44.0
1595835671_48,4,13.0,0.0,7.0
1595835671_48,5,15.0,1.0,50.0
1595835671_48,6,8.0,0.0,12.0
1595835671_48,7,18.0,1.0,56.0
1595835671_48,8,20.0,1.0,60.0
1595835671_48,9,8.0,1.0,36.0
1595835686_21,0,1.0,0.0,19.0
1595835686_21,1,16.0,0.25,16.0
1595835686_21,2,7.0,0.5,23.5
1595835686_21,3,7.0,1.0,34.0
1595835686_21,4,7.0,0.5,23.5
1595835686_21,5,6.0,0.75,27.5
1595835686_21,6,16.0,0.25,16.0
1595835686_21,7,19.0,0.75,43.75
1595835686_21,8,5.0,0.25,18.75
1595835686_21,9,20.0,0.5,30.0
1595835699_26,0,12.0,0.0,8.0
1595835699_26,1,9.0,0.0,11.0
1595835699_26,2,8.0,0.25,18.0
1595835699_26,3,12.0,1.0,44.0
1595835699_26,4,9.0,0.5,24.5
1595835699_26,5,13.0,0.0,7.0
1595835699_26,6,8.0,0.75,30.0
1595835699_26,7,13.0,0.5,26.5
1595835699_26,8,9.0,1.0,38.0
1595835699_26,9,13.0,1.0,46.0
1595835711_25,0,14.0,0.0,6.0
1595835711_25,1,15.0,0.75,38.75
1595835711_25,2,15.0,0.25,16.25
1595835711_25,3,14.0,0.75,37.5
1595835711_25,4,18.0,1.0,56.0
1595835711_25,5,14.0,0.5,27.0
1595835711_25,6,14.0,1.0,48.0
1595835711_25,7,14.0,0.75,37.5
1595835711_25,8,16.0,0.5,28.0
1595835711_25,9,15.0,0.0,5.0
1595835728_57,0,5.0,0.25,18.75
1595835728_57,1,5.0,0.5,22.5
1595835728_57,2,7.0,0.0,13.0
1595835728_57,3,2.0,0.0,18.0
1595835728_57,4,0.0,0.0,20.0
1595835728_57,5,1.0,0.75,21.25
1595835728_57,6,4.0,0.5,22.0
1595835728_57,7,5.0,0.5,22.5
1595835728_57,8,7.0,0.75,28.75
1595835728_57,9,10.0,0.25,17.5
1595835739_3,0,5.0,0.5,22.5
1595835739_3,1,10.0,0.0,10.0
1595835739_3,2,5.0,0.75,26.25
1595835739_3,3,15.0,0.75,38.75
1595835739_3,4,20.0,0.25,15.0
1595835739_3,5,15.0,0.5,27.5
1595835739_3,6,18.0,0.5,29.0
1595835739_3,7,20.0,0.5,30.0
1595835739_3,8,20.0,1.0,60.0
1595835739_3,9,12.0,0.25,17.0
1595835762_98,0,6.0,0.0,14.0
1595835762_98,1,13.0,1.0,46.0
1595835762_98,2,15.0,0.25,16.25
1595835762_98,3,8.0,0.25,18.0
1595835762_98,4,14.0,1.0,48.0
1595835762_98,5,14.0,0.75,37.5
1595835762_98,6,13.0,0.25,16.75
1595835762_98,7,16.0,0.25,16.0
1595835762_98,8,8.0,1.0,36.0
1595835762_98,9,11.0,0.0,9.0
1595835876_11,0,12.0,1.0,44.0
1595835876_11,1,12.0,1.0,44.0
1595835876_11,2,8.0,0.0,12.0
1595835876_11,3,13.0,0.5,26.5
1595835876_11,4,14.0,0.25,16.5
1595835876_11,5,13.0,0.0,7.0
1595835876_11,6,12.0,0.0,8.0
1595835876_11,7,8.0,0.5,24.0
1595835876_11,8,12.0,1.0,44.0
1595835876_11,9,13.0,1.0,46.0
1595835897_95,0,17.0,0.0,3.0
1595835897_95,1,14.0,1.0,48.0
1595835897_95,2,14.0,0.75,37.5
1595835897_95,3,14.0,0.25,16.5
1595835897_95,4,13.0,1.0,46.0
1595835897_95,5,13.0,1.0,46.0
1595835897_95,6,14.0,1.0,48.0
1595835897_95,7,14.0,1.0,48.0
1595835897_95,8,15.0,0.5,27.5
1595835897_95,9,15.0,0.5,27.5
1595836013_85,0,15.0,0.75,38.75
1595836013_85,1,15.0,0.5,27.5
1595836013_85,2,18.0,0.25,15.5
1595836013_85,3,11.0,0.25,17.25
1595836013_85,4,16.0,0.75,40.0
1595836013_85,5,15.0,0.75,38.75
1595836013_85,6,15.0,0.75,38.75
1595836013_85,7,14.0,0.25,16.5
1595836013_85,8,15.0,0.25,16.25
1595836013_85,9,15.0,0.0,5.0
1595836128_17,0,11.0,1.0,42.0
1595836128_17,1,14.0,0.75,37.5
1595836128_17,2,14.0,0.25,16.5
1595836128_17,3,15.0,0.25,16.25
1595836128_17,4,13.0,0.5,26.5
1595836128_17,5,15.0,1.0,50.0
1595836128_17,6,12.0,1.0,44.0
1595836128_17,7,15.0,0.25,16.25
1595836128_17,8,14.0,0.5,27.0
1595836128_17,9,14.0,0.0,6.0
1595836134_48,0,4.0,0.5,22.0
1595836134_48,1,7.0,0.0,13.0
1595836134_48,2,0.0,0.0,20.0
1595836134_48,3,0.0,0.0,20.0
1595836134_48,4,2.0,0.25,19.5
1595836134_48,5,4.0,1.0,28.0
1595836134_48,6,17.0,1.0,54.0
1595836134_48,7,8.0,1.0,36.0
1595836134_48,8,4.0,0.0,16.0
1595836134_48,9,1.0,1.0,22.0
1595836343_57,0,15.0,0.25,16.25
1595836343_57,1,16.0,1.0,52.0
1595836343_57,2,17.0,0.25,15.75
1595836343_57,3,15.0,0.0,5.0
1595836343_57,4,16.0,0.75,40.0
1595836343_57,5,16.0,0.25,16.0
1595836343_57,6,15.0,1.0,50.0
1595836343_57,7,16.0,0.25,16.0
1595836343_57,8,15.0,0.0,5.0
1595836343_57,9,15.0,0.75,38.75
1595836457_93,0,14.0,0.0,6.0
1595836457_93,1,16.0,0.0,4.0
1595836457_93,2,17.0,0.75,41.25
1595836457_93,3,15.0,0.5,27.5
1595836457_93,4,15.0,1.0,50.0
1595836457_93,5,15.0,0.0,5.0
1595836457_93,6,17.0,0.0,3.0
1595836457_93,7,16.0,0.5,28.0
1595836457_93,8,15.0,1.0,50.0
1595836457_93,9,14.0,0.0,6.0
1595836545_46,0,15.0,0.5,27.5
1595836545_46,1,20.0,0.75,45.0
1595836545_46,2,15.0,0.75,38.75
1595836545_46,3,20.0,0.0,0.0
1595836545_46,4,0.0,0.0,20.0
1595836545_46,5,0.0,0.0,20.0
1595836545_46,6,10.0,1.0,40.0
1595836545_46,7,15.0,0.5,27.5
1595836545_46,8,20.0,0.25,15.0
1595836545_46,9,0.0,0.0,20.0
1595933128_55,0,10.0,0.75,32.5
1595933128_55,1,10.0,1.0,40.0
1595933128_55,2,20.0,0.0,0.0
1595933128_55,3,20.0,0.5,30.0
1595933128_55,4,20.0,0.5,30.0
1595933128_55,5,20.0,0.5,30.0
1595933128_55,6,20.0,0.75,45.0
1595933128_55,7,20.0,0.25,15.0
1595933128_55,8,20.0,1.0,60.0
1595933128_55,9,20.0,0.75,45.0
1595933134_15,0,5.0,0.0,15.0
1595933134_15,1,10.0,0.75,32.5
1595933134_15,2,14.0,1.0,48.0
1595933134_15,3,15.0,0.0,5.0
1595933134_15,4,5.0,0.25,18.75
1595933134_15,5,14.0,0.75,37.5
1595933134_15,6,13.0,0.25,16.75
1595933134_15,7,5.0,0.5,22.5
1595933134_15,8,14.0,0.75,37.5
1595933134_15,9,12.0,0.75,35.0
1595933135_7,0,1.0,1.0,22.0
1595933135_7,1,5.0,0.0,15.0
1595933135_7,2,1.0,0.5,20.5
1595933135_7,3,1.0,0.0,19.0
1595933135_7,4,0.0,0.0,20.0
1595933135_7,5,5.0,0.5,22.5
1595933135_7,6,20.0,0.0,0.0
1595933135_7,7,3.0,0.25,19.25
1595933135_7,8,1.0,0.25,19.75
1595933135_7,9,0.0,0.0,20.0
1595933137_13,0,20.0,0.5,30.0
1595933137_13,1,20.0,0.5,30.0
1595933137_13,2,20.0,0.0,0.0
1595933137_13,3,20.0,0.0,0.0
1595933137_13,4,20.0,0.25,15.0
1595933137_13,5,20.0,1.0,60.0
1595933137_13,6,20.0,1.0,60.0
1595933137_13,7,20.0,0.75,45.0
1595933137_13,8,20.0,1.0,60.0
1595933137_13,9,20.0,0.5,30.0
1595933138_15,0,13.0,0.25,16.75
1595933138_15,1,13.0,0.0,7.0
1595933138_15,2,20.0,1.0,60.0
1595933138_15,3,5.0,1.0,30.0
1595933138_15,4,7.0,0.25,18.25
1595933138_15,5,10.0,0.25,17.5
1595933138_15,6,20.0,0.75,45.0
1595933138_15,7,5.0,0.25,18.75
1595933138_15,8,20.0,1.0,60.0
1595933138_15,9,1.0,0.25,19.75
1595933140_71,0,10.0,0.0,10.0
1595933140_71,1,20.0,1.0,60.0
1595933140_71,2,1.0,0.0,19.0
1595933140_71,3,15.0,0.0,5.0
1595933140_71,4,20.0,0.5,30.0
1595933140_71,5,9.0,0.5,24.5
1595933140_71,6,12.0,0.0,8.0
1595933140_71,7,19.0,0.25,15.25
1595933140_71,8,18.0,0.0,2.0
1595933140_71,9,5.0,0.0,15.0
1595933147_44,0,10.0,1.0,40.0
1595933147_44,1,6.0,0.75,27.5
1595933147_44,2,7.0,0.75,28.75
1595933147_44,3,8.0,0.25,18.0
1595933147_44,4,4.0,0.75,25.0
1595933147_44,5,6.0,0.75,27.5
1595933147_44,6,7.0,0.75,28.75
1595933147_44,7,6.0,0.25,18.5
1595933147_44,8,4.0,0.0,16.0
1595933147_44,9,2.0,0.25,19.5
1595933147_57,0,17.0,0.5,28.5
1595933147_57,1,17.0,0.0,3.0
1595933147_57,2,15.0,0.75,38.75
1595933147_57,3,15.0,0.0,5.0
1595933147_57,4,17.0,1.0,54.0
1595933147_57,5,15.0,0.0,5.0
1595933147_57,6,16.0,0.5,28.0
1595933147_57,7,16.0,0.75,40.0
1595933147_57,8,16.0,0.75,40.0
1595933147_57,9,15.0,0.75,38.75
1595933147_61,0,15.0,0.5,27.5
1595933147_61,1,15.0,0.0,5.0
1595933147_61,2,15.0,0.0,5.0
1595933147_61,3,14.0,1.0,48.0
1595933147_61,4,17.0,0.0,3.0
1595933147_61,5,15.0,0.5,27.5
1595933147_61,6,5.0,0.0,15.0
1595933147_61,7,14.0,0.5,27.0
1595933147_61,8,14.0,0.0,6.0
1595933147_61,9,20.0,0.25,15.0
1595933148_90,0,15.0,0.5,27.5
1595933148_90,1,15.0,0.75,38.75
1595933148_90,2,17.0,0.75,41.25
1595933148_90,3,15.0,0.5,27.5
1595933148_90,4,17.0,0.25,15.75
1595933148_90,5,12.0,0.0,8.0
1595933148_90,6,12.0,0.0,8.0
1595933148_90,7,14.0,0.25,16.5
1595933148_90,8,17.0,0.75,41.25
1595933148_90,9,18.0,0.25,15.5
1595933159_48,0,15.0,1.0,50.0
1595933159_48,1,10.0,0.5,25.0
1595933159_48,2,15.0,0.5,27.5
1595933159_48,3,18.0,0.25,15.5
1595933159_48,4,5.0,0.25,18.75
1595933159_48,5,10.0,0.0,10.0
1595933159_48,6,2.0,0.25,19.5
1595933159_48,7,15.0,0.0,5.0
1595933159_48,8,0.0,0.0,20.0
1595933159_48,9,3.0,0.0,17.0
1595933162_24,0,15.0,1.0,50.0
1595933162_24,1,15.0,1.0,50.0
1595933162_24,2,15.0,0.25,16.25
1595933162_24,3,15.0,0.25,16.25
1595933162_24,4,10.0,0.75,32.5
1595933162_24,5,10.0,0.75,32.5
1595933162_24,6,10.0,0.25,17.5
1595933162_24,7,10.0,1.0,40.0
1595933162_24,8,15.0,0.25,16.25
1595933162_24,9,10.0,0.25,17.5
1595933167_35,0,5.0,1.0,30.0
1595933167_35,1,15.0,0.0,5.0
1595933167_35,2,5.0,0.0,15.0
1595933167_35,3,5.0,0.0,15.0
1595933167_35,4,5.0,0.5,22.5
1595933167_35,5,5.0,0.0,15.0
1595933167_35,6,10.0,0.75,32.5
1595933167_35,7,10.0,0.5,25.0
1595933167_35,8,20.0,1.0,60.0
1595933167_35,9,20.0,0.0,0.0
1595933170_56,0,15.0,0.25,16.25
1595933170_56,1,4.0,1.0,28.0
1595933170_56,2,20.0,0.75,45.0
1595933170_56,3,20.0,0.5,30.0
1595933170_56,4,20.0,0.5,30.0
1595933170_56,5,20.0,1.0,60.0
1595933170_56,6,20.0,1.0,60.0
1595933170_56,7,20.0,0.0,0.0
1595933170_56,8,20.0,0.5,30.0
1595933170_56,9,20.0,0.75,45.0
1595933172_37,0,15.0,0.75,38.75
1595933172_37,1,5.0,0.75,26.25
1595933172_37,2,16.0,1.0,52.0
1595933172_37,3,5.0,0.25,18.75
1595933172_37,4,12.0,1.0,44.0
1595933172_37,5,9.0,0.0,11.0
1595933172_37,6,11.0,0.75,33.75
1595933172_37,7,11.0,0.0,9.0
1595933172_37,8,8.0,0.0,12.0
1595933172_37,9,8.0,0.0,12.0
1595933174_78,0,17.0,0.5,28.5
1595933174_78,1,19.0,0.25,15.25
1595933174_78,2,16.0,0.0,4.0
1595933174_78,3,19.0,0.75,43.75
1595933174_78,4,20.0,0.75,45.0
1595933174_78,5,20.0,1.0,60.0
1595933174_78,6,20.0,0.25,15.0
1595933174_78,7,16.0,1.0,52.0
1595933174_78,8,19.0,0.75,43.75
1595933174_78,9,18.0,0.75,42.5
1595933177_35,0,10.0,0.25,17.5
1595933177_35,1,1.0,0.5,20.5
1595933177_35,2,15.0,0.5,27.5
1595933177_35,3,20.0,0.5,30.0
1595933177_35,4,20.0,0.25,15.0
1595933177_35,5,15.0,0.75,38.75
1595933177_35,6,15.0,0.25,16.25
1595933177_35,7,20.0,0.5,30.0
1595933177_35,8,15.0,0.25,16.25
1595933177_35,9,2.0,1.0,24.0
1595933180_22,0,10.0,0.5,25.0
1595933180_22,1,10.0,0.25,17.5
1595933180_22,2,12.0,1.0,44.0
1595933180_22,3,13.0,0.25,16.75
1595933180_22,4,13.0,0.25,16.75
1595933180_22,5,13.0,0.75,36.25
1595933180_22,6,15.0,1.0,50.0
1595933180_22,7,17.0,0.5,28.5
1595933180_22,8,20.0,0.25,15.0
1595933180_22,9,20.0,0.0,0.0
1595933180_71,0,20.0,0.0,0.0
1595933180_71,1,0.0,0.0,20.0
1595933180_71,2,0.0,0.0,20.0
1595933180_71,3,0.0,0.0,20.0
1595933180_71,4,0.0,0.0,20.0
1595933180_71,5,0.0,0.0,20.0
1595933180_71,6,0.0,0.0,20.0
1595933180_71,7,0.0,0.0,20.0
1595933180_71,8,0.0,0.0,20.0
1595933180_71,9,0.0,0.0,20.0
1595933182_86,0,15.0,0.5,27.5
1595933182_86,1,10.0,0.5,25.0
1595933182_86,2,15.0,0.0,5.0
1595933182_86,3,10.0,0.75,32.5
1595933182_86,4,3.0,0.0,17.0
1595933182_86,5,3.0,0.75,23.75
1595933182_86,6,2.0,0.5,21.0
1595933182_86,7,5.0,0.25,18.75
1595933182_86,8,10.0,0.0,10.0
1595933182_86,9,3.0,0.5,21.5
1595933186_95,0,2.0,0.5,21.0
1595933186_95,1,3.0,0.0,17.0
1595933186_95,2,6.0,0.25,18.5
1595933186_95,3,7.0,0.25,18.25
1595933186_95,4,8.0,0.5,24.0
1595933186_95,5,8.0,0.75,30.0
1595933186_95,6,6.0,0.75,27.5
1595933186_95,7,9.0,0.25,17.75
1595933186_95,8,13.0,0.5,26.5
1595933186_95,9,13.0,1.0,46.0
1595933186_99,0,20.0,1.0,60.0
1595933186_99,1,20.0,1.0,60.0
1595933186_99,2,20.0,0.5,30.0
1595933186_99,3,20.0,0.25,15.0
1595933186_99,4,15.0,0.0,5.0
1595933186_99,5,20.0,0.25,15.0
1595933186_99,6,20.0,0.75,45.0
1595933186_99,7,20.0,0.25,15.0
1595933186_99,8,20.0,1.0,60.0
1595933186_99,9,20.0,1.0,60.0
1595933187_42,0,13.0,0.5,26.5
1595933187_42,1,14.0,0.5,27.0
1595933187_42,2,12.0,1.0,44.0
1595933187_42,3,15.0,0.75,38.75
1595933187_42,4,17.0,1.0,54.0
1595933187_42,5,12.0,1.0,44.0
1595933187_42,6,14.0,1.0,48.0
1595933187_42,7,13.0,0.5,26.5
1595933187_42,8,16.0,1.0,52.0
1595933187_42,9,13.0,0.75,36.25
1595933187_51,0,20.0,0.75,45.0
1595933187_51,1,18.0,1.0,56.0
1595933187_51,2,17.0,0.0,3.0
1595933187_51,3,20.0,0.5,30.0
1595933187_51,4,18.0,0.75,42.5
1595933187_51,5,17.0,0.0,3.0
1595933187_51,6,20.0,0.75,45.0
1595933187_51,7,20.0,0.0,0.0
1595933187_51,8,20.0,0.75,45.0
1595933187_51,9,20.0,0.0,0.0
1595933187_65,0,17.0,0.75,41.25
1595933187_65,1,18.0,0.5,29.0
1595933187_65,2,18.0,0.0,2.0
1595933187_65,3,16.0,0.75,40.0
1595933187_65,4,16.0,0.75,40.0
1595933187_65,5,16.0,0.75,40.0
1595933187_65,6,19.0,1.0,58.0
1595933187_65,7,19.0,0.25,15.25
1595933187_65,8,11.0,0.25,17.25
1595933187_65,9,16.0,0.5,28.0
1595933187_70,0,10.0,0.0,10.0
1595933187_70,1,13.0,0.5,26.5
1595933187_70,2,14.0,1.0,48.0
1595933187_70,3,15.0,0.75,38.75
1595933187_70,4,16.0,0.5,28.0
1595933187_70,5,15.0,0.0,5.0
1595933187_70,6,11.0,1.0,42.0
1595933187_70,7,16.0,0.75,40.0
1595933187_70,8,18.0,0.0,2.0
1595933187_70,9,15.0,0.25,16.25
1595933188_45,0,2.0,0.25,19.5
1595933188_45,1,3.0,1.0,26.0
1595933188_45,2,1.0,0.0,19.0
1595933188_45,3,0.0,0.0,20.0
1595933188_45,4,2.0,0.5,21.0
1595933188_45,5,2.0,0.25,19.5
1595933188_45,6,1.0,0.75,21.25
1595933188_45,7,1.0,1.0,22.0
1595933188_45,8,9.0,0.75,31.25
1595933188_45,9,11.0,1.0,42.0
1595933190_26,0,15.0,0.25,16.25
1595933190_26,1,20.0,0.0,0.0
1595933190_26,2,5.0,0.5,22.5
1595933190_26,3,10.0,0.25,17.5
1595933190_26,4,5.0,0.75,26.25
1595933190_26,5,5.0,0.75,26.25
1595933190_26,6,5.0,0.25,18.75
1595933190_26,7,3.0,0.0,17.0
1595933190_26,8,5.0,0.25,18.75
1595933190_26,9,9.0,0.25,17.75
1595933191_89,0,14.0,0.0,6.0
1595933191_89,1,13.0,1.0,46.0
1595933191_89,2,13.0,0.5,26.5
1595933191_89,3,14.0,0.25,16.5
1595933191_89,4,13.0,0.0,7.0
1595933191_89,5,16.0,1.0,52.0
1595933191_89,6,13.0,0.5,26.5
1595933191_89,7,14.0,0.25,16.5
1595933191_89,8,13.0,0.0,7.0
1595933191_89,9,13.0,0.75,36.25
1595933196_47,0,17.0,0.5,28.5
1595933196_47,1,15.0,0.25,16.25
1595933196_47,2,18.0,0.75,42.5
1595933196_47,3,20.0,1.0,60.0
1595933196_47,4,16.0,0.25,16.0
1595933196_47,5,17.0,0.0,3.0
1595933196_47,6,16.0,1.0,52.0
1595933196_47,7,17.0,0.25,15.75
1595933196_47,8,17.0,0.0,3.0
1595933196_47,9,18.0,0.5,29.0
1595933201_20,0,1.0,0.25,19.75
1595933201_20,1,1.0,0.0,19.0
1595933201_20,2,0.0,0.0,20.0
1595933201_20,3,1.0,1.0,22.0
1595933201_20,4,1.0,0.25,19.75
1595933201_20,5,0.0,0.0,20.0
1595933201_20,6,1.0,0.0,19.0
1595933201_20,7,0.0,0.0,20.0
1595933201_20,8,1.0,0.0,19.0
1595933201_20,9,0.0,0.0,20.0
1595933201_71,0,12.0,0.25,17.0
1595933201_71,1,10.0,1.0,40.0
1595933201_71,2,20.0,0.5,30.0
1595933201_71,3,20.0,0.5,30.0
1595933201_71,4,20.0,0.5,30.0
1595933201_71,5,20.0,0.5,30.0
1595933201_71,6,20.0,0.0,0.0
1595933201_71,7,20.0,0.0,0.0
1595933201_71,8,0.0,0.0,20.0
1595933201_71,9,0.0,0.0,20.0
1595933203_98,0,10.0,0.25,17.5
1595933203_98,1,15.0,1.0,50.0
1595933203_98,2,12.0,0.5,26.0
1595933203_98,3,19.0,1.0,58.0
1595933203_98,4,18.0,0.0,2.0
1595933203_98,5,15.0,0.25,16.25
1595933203_98,6,10.0,0.25,17.5
1595933203_98,7,5.0,0.25,18.75
1595933203_98,8,20.0,0.0,0.0
1595933203_98,9,15.0,0.75,38.75
1595933205_64,0,20.0,0.25,15.0
1595933205_64,1,10.0,0.5,25.0
1595933205_64,2,15.0,0.0,5.0
1595933205_64,3,0.0,0.0,20.0
1595933205_64,4,0.0,0.0,20.0
1595933205_64,5,0.0,0.0,20.0
1595933205_64,6,0.0,0.0,20.0
1595933205_64,7,3.0,0.0,17.0
1595933205_64,8,0.0,0.0,20.0
1595933205_64,9,0.0,0.0,20.0
1595933205_73,0,20.0,0.75,45.0
1595933205_73,1,20.0,0.75,45.0
1595933205_73,2,20.0,0.25,15.0
1595933205_73,3,20.0,0.25,15.0
1595933205_73,4,20.0,0.5,30.0
1595933205_73,5,20.0,1.0,60.0
1595933205_73,6,20.0,0.5,30.0
1595933205_73,7,20.0,0.25,15.0
1595933205_73,8,20.0,0.5,30.0
1595933205_73,9,20.0,0.5,30.0
1595933206_68,0,15.0,0.0,5.0
1595933206_68,1,15.0,0.5,27.5
1595933206_68,2,10.0,0.25,17.5
1595933206_68,3,5.0,0.25,18.75
1595933206_68,4,15.0,0.75,38.75
1595933206_68,5,13.0,0.75,36.25
1595933206_68,6,18.0,0.0,2.0
1595933206_68,7,12.0,1.0,44.0
1595933206_68,8,8.0,0.25,18.0
1595933206_68,9,13.0,0.25,16.75
1595933210_21,0,20.0,0.75,45.0
1595933210_21,1,20.0,0.5,30.0
1595933210_21,2,20.0,0.25,15.0
1595933210_21,3,20.0,0.75,45.0
1595933210_21,4,20.0,0.25,15.0
1595933210_21,5,20.0,0.25,15.0
1595933210_21,6,20.0,0.25,15.0
1595933210_21,7,20.0,0.25,15.0
1595933210_21,8,20.0,0.25,15.0
1595933210_21,9,20.0,0.5,30.0
1595933215_91,0,15.0,0.75,38.75
1595933215_91,1,5.0,0.5,22.5
1595933215_91,2,1.0,0.0,19.0
1595933215_91,3,20.0,0.75,45.0
1595933215_91,4,20.0,0.75,45.0
1595933215_91,5,16.0,1.0,52.0
1595933215_91,6,13.0,0.25,16.75
1595933215_91,7,18.0,0.0,2.0
1595933215_91,8,6.0,0.0,14.0
1595933215_91,9,17.0,0.25,15.75
1595933219_32,0,15.0,0.25,16.25
1595933219_32,1,4.0,1.0,28.0
1595933219_32,2,12.0,0.25,17.0
1595933219_32,3,5.0,0.75,26.25
1595933219_32,4,5.0,0.75,26.25
1595933219_32,5,5.0,0.0,15.0
1595933219_32,6,7.0,1.0,34.0
1595933219_32,7,8.0,0.5,24.0
1595933219_32,8,5.0,0.0,15.0
1595933219_32,9,5.0,0.5,22.5
1595933220_89,0,10.0,0.75,32.5
1595933220_89,1,15.0,1.0,50.0
1595933220_89,2,18.0,0.0,2.0
1595933220_89,3,0.0,0.0,20.0
1595933220_89,4,1.0,1.0,22.0
1595933220_89,5,1.0,0.5,20.5
1595933220_89,6,4.0,0.25,19.0
1595933220_89,7,9.0,0.5,24.5
1595933220_89,8,12.0,0.0,8.0
1595933220_89,9,0.0,0.0,20.0
1595933227_66,0,5.0,1.0,30.0
1595933227_66,1,5.0,0.5,22.5
1595933227_66,2,5.0,0.75,26.25
1595933227_66,3,5.0,1.0,30.0
1595933227_66,4,10.0,0.25,17.5
1595933227_66,5,8.0,1.0,36.0
1595933227_66,6,10.0,0.0,10.0
1595933227_66,7,5.0,1.0,30.0
1595933227_66,8,6.0,0.75,27.5
1595933227_66,9,6.0,0.75,27.5
1595933231_25,0,18.0,0.5,29.0
1595933231_25,1,20.0,0.5,30.0
1595933231_25,2,20.0,0.75,45.0
1595933231_25,3,20.0,0.5,30.0
1595933231_25,4,20.0,1.0,60.0
1595933231_25,5,20.0,1.0,60.0
1595933231_25,6,20.0,0.25,15.0
1595933231_25,7,20.0,0.0,0.0
1595933231_25,8,18.0,0.0,2.0
1595933231_25,9,5.0,0.5,22.5
1595933233_80,0,13.0,0.25,16.75
1595933233_80,1,14.0,0.75,37.5
1595933233_80,2,13.0,0.25,16.75
1595933233_80,3,16.0,0.5,28.0
1595933233_80,4,15.0,0.75,38.75
1595933233_80,5,16.0,0.25,16.0
1595933233_80,6,16.0,0.25,16.0
1595933233_80,7,16.0,0.5,28.0
1595933233_80,8,14.0,0.25,16.5
1595933233_80,9,17.0,0.5,28.5
1595933234_38,0,5.0,1.0,30.0
1595933234_38,1,15.0,1.0,50.0
1595933234_38,2,15.0,0.5,27.5
1595933234_38,3,10.0,0.0,10.0
1595933234_38,4,5.0,1.0,30.0
1595933234_38,5,10.0,0.75,32.5
1595933234_38,6,15.0,0.5,27.5
1595933234_38,7,5.0,0.5,22.5
1595933234_38,8,8.0,0.75,30.0
1595933234_38,9,12.0,0.25,17.0
1595933241_72,0,10.0,0.5,25.0
1595933241_72,1,15.0,0.25,16.25
1595933241_72,2,15.0,0.75,38.75
1595933241_72,3,15.0,0.75,38.75
1595933241_72,4,15.0,0.0,5.0
1595933241_72,5,15.0,0.5,27.5
1595933241_72,6,15.0,0.0,5.0
1595933241_72,7,15.0,0.0,5.0
1595933241_72,8,11.0,0.0,9.0
1595933241_72,9,5.0,0.0,15.0
1595933243_58,0,5.0,0.0,15.0
1595933243_58,1,0.0,0.0,20.0
1595933243_58,2,0.0,0.0,20.0
1595933243_58,3,10.0,0.75,32.5
1595933243_58,4,15.0,0.5,27.5
1595933243_58,5,13.0,0.5,26.5
1595933243_58,6,7.0,0.0,13.0
1595933243_58,7,0.0,0.0,20.0
1595933243_58,8,0.0,0.0,20.0
1595933243_58,9,0.0,0.0,20.0
1595933246_11,0,15.0,1.0,50.0
1595933246_11,1,20.0,0.5,30.0
1595933246_11,2,20.0,1.0,60.0
1595933246_11,3,20.0,0.25,15.0
1595933246_11,4,20.0,0.0,0.0
1595933246_11,5,20.0,0.5,30.0
1595933246_11,6,20.0,0.5,30.0
1595933246_11,7,20.0,1.0,60.0
1595933246_11,8,20.0,0.25,15.0
1595933246_11,9,20.0,0.0,0.0
1595933249_84,0,5.0,0.0,15.0
1595933249_84,1,7.0,0.75,28.75
1595933249_84,2,9.0,0.75,31.25
1595933249_84,3,11.0,0.5,25.5
1595933249_84,4,9.0,1.0,38.0
1595933249_84,5,11.0,0.25,17.25
1595933249_84,6,11.0,0.75,33.75
1595933249_84,7,9.0,0.5,24.5
1595933249_84,8,11.0,0.5,25.5
1595933249_84,9,11.0,1.0,42.0
1595933250_1,0,5.0,0.75,26.25
1595933250_1,1,5.0,0.25,18.75
1595933250_1,2,6.0,0.0,14.0
1595933250_1,3,3.0,0.0,17.0
1595933250_1,4,6.0,0.0,14.0
1595933250_1,5,2.0,1.0,24.0
1595933250_1,6,4.0,1.0,28.0
1595933250_1,7,3.0,0.75,23.75
1595933250_1,8,6.0,1.0,32.0
1595933250_1,9,5.0,0.75,26.25
1595933254_47,0,10.0,0.75,32.5
1595933254_47,1,5.0,1.0,30.0
1595933254_47,2,15.0,1.0,50.0
1595933254_47,3,5.0,0.75,26.25
1595933254_47,4,5.0,0.5,22.5
1595933254_47,5,20.0,0.25,15.0
1595933254_47,6,10.0,0.5,25.0
1595933254_47,7,15.0,0.5,27.5
1595933254_47,8,0.0,0.0,20.0
1595933254_47,9,5.0,0.75,26.25
1595933258_20,0,10.0,0.25,17.5
1595933258_20,1,15.0,0.5,27.5
1595933258_20,2,17.0,0.5,28.5
1595933258_20,3,20.0,0.0,0.0
1595933258_20,4,15.0,0.75,38.75
1595933258_20,5,12.0,0.75,35.0
1595933258_20,6,15.0,0.0,5.0
1595933258_20,7,14.0,0.25,16.5
1595933258_20,8,17.0,0.25,15.75
1595933258_20,9,10.0,1.0,40.0
1595933261_15,0,20.0,0.75,45.0
1595933261_15,1,20.0,1.0,60.0
1595933261_15,2,20.0,1.0,60.0
1595933261_15,3,20.0,0.0,0.0
1595933261_15,4,20.0,0.75,45.0
1595933261_15,5,20.0,0.5,30.0
1595933261_15,6,20.0,1.0,60.0
1595933261_15,7,20.0,0.0,0.0
1595933261_15,8,20.0,0.5,30.0
1595933261_15,9,20.0,1.0,60.0
1595933261_2,0,10.0,0.5,25.0
1595933261_2,1,15.0,0.25,16.25
1595933261_2,2,13.0,0.5,26.5
1595933261_2,3,18.0,0.75,42.5
1595933261_2,4,14.0,0.5,27.0
1595933261_2,5,18.0,0.0,2.0
1595933261_2,6,11.0,0.5,25.5
1595933261_2,7,16.0,1.0,52.0
1595933261_2,8,19.0,0.0,1.0
1595933261_2,9,18.0,0.75,42.5
1595933269_59,0,12.0,0.25,17.0
1595933269_59,1,11.0,0.0,9.0
1595933269_59,2,9.0,0.5,24.5
1595933269_59,3,12.0,0.25,17.0
1595933269_59,4,12.0,1.0,44.0
1595933269_59,5,8.0,0.75,30.0
1595933269_59,6,8.0,0.75,30.0
1595933269_59,7,13.0,0.5,26.5
1595933269_59,8,14.0,0.5,27.0
1595933269_59,9,13.0,0.0,7.0
1595933270_10,0,11.0,1.0,42.0
1595933270_10,1,11.0,0.5,25.5
1595933270_10,2,11.0,1.0,42.0
1595933270_10,3,12.0,1.0,44.0
1595933270_10,4,12.0,0.75,35.0
1595933270_10,5,11.0,0.5,25.5
1595933270_10,6,11.0,0.25,17.25
1595933270_10,7,15.0,1.0,50.0
1595933270_10,8,14.0,0.5,27.0
1595933270_10,9,14.0,1.0,48.0
1595933270_99,0,15.0,0.0,5.0
1595933270_99,1,5.0,0.5,22.5
1595933270_99,2,12.0,0.5,26.0
1595933270_99,3,12.0,0.5,26.0
1595933270_99,4,13.0,0.5,26.5
1595933270_99,5,15.0,0.0,5.0
1595933270_99,6,14.0,0.75,37.5
1595933270_99,7,14.0,0.5,27.0
1595933270_99,8,14.0,0.0,6.0
1595933270_99,9,9.0,0.25,17.75
1595933275_79,0,7.0,0.25,18.25
1595933275_79,1,4.0,0.25,19.0
1595933275_79,2,12.0,0.75,35.0
1595933275_79,3,12.0,0.5,26.0
1595933275_79,4,11.0,0.25,17.25
1595933275_79,5,12.0,0.75,35.0
1595933275_79,6,8.0,0.75,30.0
1595933275_79,7,11.0,0.0,9.0
1595933275_79,8,12.0,1.0,44.0
1595933275_79,9,12.0,0.0,8.0
1595933276_12,0,20.0,0.0,0.0
1595933276_12,1,20.0,0.75,45.0
1595933276_12,2,20.0,0.0,0.0
1595933276_12,3,20.0,0.25,15.0
1595933276_12,4,20.0,0.5,30.0
1595933276_12,5,20.0,0.75,45.0
1595933276_12,6,20.0,0.25,15.0
1595933276_12,7,20.0,0.0,0.0
1595933276_12,8,20.0,0.0,0.0
1595933276_12,9,20.0,0.5,30.0
1595933276_43,0,17.0,0.5,28.5
1595933276_43,1,15.0,1.0,50.0
1595933276_43,2,17.0,0.25,15.75
1595933276_43,3,17.0,0.5,28.5
1595933276_43,4,18.0,1.0,56.0
1595933276_43,5,18.0,1.0,56.0
1595933276_43,6,15.0,0.0,5.0
1595933276_43,7,17.0,0.5,28.5
1595933276_43,8,16.0,1.0,52.0
1595933276_43,9,17.0,1.0,54.0
1595933277_83,0,15.0,0.0,5.0
1595933277_83,1,15.0,0.75,38.75
1595933277_83,2,15.0,0.25,16.25
1595933277_83,3,15.0,0.75,38.75
1595933277_83,4,15.0,0.5,27.5
1595933277_83,5,15.0,0.25,16.25
1595933277_83,6,16.0,0.75,40.0
1595933277_83,7,14.0,0.75,37.5
1595933277_83,8,15.0,0.25,16.25
1595933277_83,9,15.0,1.0,50.0
1595933279_74,0,15.0,0.5,27.5
1595933279_74,1,15.0,0.0,5.0
1595933279_74,2,11.0,0.25,17.25
1595933279_74,3,15.0,0.5,27.5
1595933279_74,4,20.0,0.5,30.0
1595933279_74,5,5.0,0.5,22.5
1595933279_74,6,15.0,0.5,27.5
1595933279_74,7,20.0,0.75,45.0
1595933279_74,8,15.0,0.0,5.0
1595933279_74,9,20.0,0.25,15.0
1595933280_25,0,15.0,1.0,50.0
1595933280_25,1,20.0,0.0,0.0
1595933280_25,2,5.0,0.0,15.0
1595933280_25,3,1.0,0.0,19.0
1595933280_25,4,7.0,0.5,23.5
1595933280_25,5,12.0,0.0,8.0
1595933280_25,6,3.0,0.5,21.5
1595933280_25,7,3.0,0.25,19.25
1595933280_25,8,8.0,1.0,36.0
1595933280_25,9,3.0,1.0,26.0
1595933282_84,0,5.0,0.5,22.5
1595933282_84,1,7.0,0.25,18.25
1595933282_84,2,9.0,1.0,38.0
1595933282_84,3,12.0,0.0,8.0
1595933282_84,4,6.0,0.5,23.0
1595933282_84,5,12.0,0.75,35.0
1595933282_84,6,12.0,0.0,8.0
1595933282_84,7,8.0,0.5,24.0
1595933282_84,8,12.0,0.25,17.0
1595933282_84,9,12.0,1.0,44.0
1595933287_85,0,10.0,0.75,32.5
1595933287_85,1,15.0,0.0,5.0
1595933287_85,2,10.0,0.5,25.0
1595933287_85,3,10.0,0.0,10.0
1595933287_85,4,20.0,0.5,30.0
1595933287_85,5,2.0,0.0,18.0
1595933287_85,6,15.0,1.0,50.0
1595933287_85,7,2.0,0.25,19.5
1595933287_85,8,15.0,0.25,16.25
1595933287_85,9,10.0,0.75,32.5
1595933289_76,0,2.0,0.0,18.0
1595933289_76,1,3.0,1.0,26.0
1595933289_76,2,5.0,0.0,15.0
1595933289_76,3,4.0,0.75,25.0
1595933289_76,4,6.0,0.5,23.0
1595933289_76,5,6.0,1.0,32.0
1595933289_76,6,8.0,0.25,18.0
1595933289_76,7,9.0,0.5,24.5
1595933289_76,8,9.0,0.5,24.5
1595933289_76,9,11.0,0.0,9.0
1595933294_95,0,15.0,0.0,5.0
1595933294_95,1,10.0,0.25,17.5
1595933294_95,2,0.0,0.0,20.0
1595933294_95,3,0.0,0.0,20.0
1595933294_95,4,0.0,0.0,20.0
1595933294_95,5,0.0,0.0,20.0
1595933294_95,6,0.0,0.0,20.0
1595933294_95,7,0.0,0.0,20.0
1595933294_95,8,0.0,0.0,20.0
1595933294_95,9,0.0,0.0,20.0
1595933296_12,0,13.0,0.0,7.0
1595933296_12,1,13.0,0.75,36.25
1595933296_12,2,13.0,0.5,26.5
1595933296_12,3,15.0,0.0,5.0
1595933296_12,4,13.0,0.0,7.0
1595933296_12,5,14.0,0.75,37.5
1595933296_12,6,13.0,0.5,26.5
1595933296_12,7,15.0,0.5,27.5
1595933296_12,8,13.0,0.5,26.5
1595933296_12,9,13.0,0.0,7.0
1595933298_14,0,15.0,0.75,38.75
1595933298_14,1,13.0,0.25,16.75
1595933298_14,2,15.0,0.75,38.75
1595933298_14,3,20.0,0.5,30.0
1595933298_14,4,19.0,0.75,43.75
1595933298_14,5,18.0,0.25,15.5
1595933298_14,6,19.0,0.75,43.75
1595933298_14,7,19.0,1.0,58.0
1595933298_14,8,17.0,0.0,3.0
1595933298_14,9,18.0,0.5,29.0
1595933300_15,0,20.0,0.0,0.0
1595933300_15,1,0.0,0.0,20.0
1595933300_15,2,0.0,0.0,20.0
1595933300_15,3,0.0,0.0,20.0
1595933300_15,4,0.0,0.0,20.0
1595933300_15,5,0.0,0.0,20.0
1595933300_15,6,0.0,0.0,20.0
1595933300_15,7,0.0,0.0,20.0
1595933300_15,8,0.0,0.0,20.0
1595933300_15,9,0.0,0.0,20.0
1595933301_34,0,16.0,0.75,40.0
1595933301_34,1,18.0,0.75,42.5
1595933301_34,2,16.0,0.75,40.0
1595933301_34,3,17.0,0.5,28.5
1595933301_34,4,17.0,0.25,15.75
1595933301_34,5,17.0,0.75,41.25
1595933301_34,6,18.0,0.5,29.0
1595933301_34,7,17.0,0.0,3.0
1595933301_34,8,18.0,0.75,42.5
1595933301_34,9,15.0,0.5,27.5
1595933302_52,0,14.0,0.75,37.5
1595933302_52,1,19.0,0.75,43.75
1595933302_52,2,20.0,1.0,60.0
1595933302_52,3,20.0,0.5,30.0
1595933302_52,4,20.0,0.5,30.0
1595933302_52,5,20.0,0.5,30.0
1595933302_52,6,20.0,0.25,15.0
1595933302_52,7,5.0,0.5,22.5
1595933302_52,8,11.0,0.0,9.0
1595933302_52,9,0.0,0.0,20.0
1595933304_51,0,15.0,0.5,27.5
1595933304_51,1,15.0,0.75,38.75
1595933304_51,2,20.0,0.25,15.0
1595933304_51,3,15.0,0.75,38.75
1595933304_51,4,5.0,0.5,22.5
1595933304_51,5,20.0,0.5,30.0
1595933304_51,6,16.0,1.0,52.0
1595933304_51,7,20.0,1.0,60.0
1595933304_51,8,15.0,1.0,50.0
1595933304_51,9,20.0,1.0,60.0
1595933311_14,0,5.0,1.0,30.0
1595933311_14,1,5.0,0.5,22.5
1595933311_14,2,5.0,1.0,30.0
1595933311_14,3,5.0,0.25,18.75
1595933311_14,4,5.0,0.25,18.75
1595933311_14,5,3.0,0.25,19.25
1595933311_14,6,2.0,0.25,19.5
1595933311_14,7,5.0,0.25,18.75
1595933311_14,8,1.0,0.0,19.0
1595933311_14,9,7.0,1.0,34.0
1595933342_66,0,5.0,0.75,26.25
1595933342_66,1,7.0,0.25,18.25
1595933342_66,2,10.0,1.0,40.0
1595933342_66,3,10.0,0.5,25.0
1595933342_66,4,15.0,0.0,5.0
1595933342_66,5,6.0,0.5,23.0
1595933342_66,6,4.0,0.25,19.0
1595933342_66,7,10.0,0.0,10.0
1595933342_66,8,5.0,0.25,18.75
1595933342_66,9,5.0,0.75,26.25
1595933351_12,0,20.0,0.0,0.0
1595933351_12,1,20.0,0.25,15.0
1595933351_12,2,20.0,0.75,45.0
1595933351_12,3,20.0,0.0,0.0
1595933351_12,4,20.0,0.75,45.0
1595933351_12,5,20.0,0.25,15.0
1595933351_12,6,20.0,0.75,45.0
1595933351_12,7,20.0,0.25,15.0
1595933351_12,8,20.0,0.75,45.0
1595933351_12,9,20.0,0.25,15.0
1595933356_66,0,15.0,0.75,38.75
1595933356_66,1,18.0,0.75,42.5
1595933356_66,2,16.0,0.5,28.0
1595933356_66,3,9.0,1.0,38.0
1595933356_66,4,17.0,0.75,41.25
1595933356_66,5,14.0,0.25,16.5
1595933356_66,6,19.0,0.75,43.75
1595933356_66,7,17.0,0.0,3.0
1595933356_66,8,16.0,0.25,16.0
1595933356_66,9,13.0,0.25,16.75
1595933357_25,0,9.0,0.25,17.75
1595933357_25,1,9.0,0.75,31.25
1595933357_25,2,7.0,1.0,34.0
1595933357_25,3,9.0,0.75,31.25
1595933357_25,4,8.0,0.0,12.0
1595933357_25,5,6.0,0.75,27.5
1595933357_25,6,4.0,1.0,28.0
1595933357_25,7,8.0,0.75,30.0
1595933357_25,8,8.0,0.75,30.0
1595933357_25,9,8.0,0.0,12.0
1595933357_74,0,20.0,1.0,60.0
1595933357_74,1,20.0,0.25,15.0
1595933357_74,2,20.0,0.0,0.0
1595933357_74,3,20.0,0.0,0.0
1595933357_74,4,20.0,0.5,30.0
1595933357_74,5,20.0,1.0,60.0
1595933357_74,6,20.0,0.25,15.0
1595933357_74,7,20.0,1.0,60.0
1595933357_74,8,20.0,0.75,45.0
1595933357_74,9,20.0,0.5,30.0
1595933361_75,0,15.0,0.0,5.0
1595933361_75,1,20.0,0.25,15.0
1595933361_75,2,15.0,0.5,27.5
1595933361_75,3,20.0,0.0,0.0
1595933361_75,4,16.0,0.0,4.0
1595933361_75,5,8.0,0.75,30.0
1595933361_75,6,12.0,1.0,44.0
1595933361_75,7,7.0,1.0,34.0
1595933361_75,8,15.0,0.0,5.0
1595933361_75,9,5.0,1.0,30.0
1595933369_22,0,13.0,0.75,36.25
1595933369_22,1,15.0,1.0,50.0
1595933369_22,2,19.0,0.25,15.25
1595933369_22,3,16.0,1.0,52.0
1595933369_22,4,15.0,0.25,16.25
1595933369_22,5,14.0,1.0,48.0
1595933369_22,6,15.0,0.75,38.75
1595933369_22,7,15.0,0.5,27.5
1595933369_22,8,15.0,0.5,27.5
1595933369_22,9,15.0,0.75,38.75
1595933372_31,0,9.0,0.5,24.5
1595933372_31,1,5.0,0.0,15.0
1595933372_31,2,5.0,0.25,18.75
1595933372_31,3,2.0,0.75,22.5
1595933372_31,4,2.0,0.25,19.5
1595933372_31,5,2.0,0.75,22.5
1595933372_31,6,3.0,0.25,19.25
1595933372_31,7,0.0,0.0,20.0
1595933372_31,8,1.0,0.25,19.75
1595933372_31,9,1.0,0.5,20.5
1595933374_64,0,15.0,1.0,50.0
1595933374_64,1,17.0,1.0,54.0
1595933374_64,2,15.0,0.25,16.25
1595933374_64,3,20.0,0.5,30.0
1595933374_64,4,19.0,1.0,58.0
1595933374_64,5,19.0,0.75,43.75
1595933374_64,6,20.0,0.0,0.0
1595933374_64,7,17.0,0.75,41.25
1595933374_64,8,19.0,0.25,15.25
1595933374_64,9,7.0,0.0,13.0
1595933379_100,0,15.0,0.25,16.25
1595933379_100,1,10.0,0.75,32.5
1595933379_100,2,15.0,1.0,50.0
1595933379_100,3,10.0,1.0,40.0
1595933379_100,4,10.0,0.5,25.0
1595933379_100,5,7.0,0.75,28.75
1595933379_100,6,15.0,0.0,5.0
1595933379_100,7,12.0,0.0,8.0
1595933379_100,8,5.0,1.0,30.0
1595933379_100,9,14.0,0.5,27.0
1595933381_66,0,15.0,0.0,5.0
1595933381_66,1,15.0,0.75,38.75
1595933381_66,2,20.0,1.0,60.0
1595933381_66,3,15.0,0.75,38.75
1595933381_66,4,5.0,0.75,26.25
1595933381_66,5,10.0,0.25,17.5
1595933381_66,6,12.0,0.5,26.0
1595933381_66,7,4.0,0.5,22.0
1595933381_66,8,6.0,0.5,23.0
1595933381_66,9,20.0,0.75,45.0
1595933383_59,0,10.0,0.25,17.5
1595933383_59,1,14.0,0.75,37.5
1595933383_59,2,15.0,0.5,27.5
1595933383_59,3,13.0,0.5,26.5
1595933383_59,4,15.0,0.5,27.5
1595933383_59,5,15.0,0.5,27.5
1595933383_59,6,15.0,0.25,16.25
1595933383_59,7,12.0,1.0,44.0
1595933383_59,8,14.0,0.0,6.0
1595933383_59,9,15.0,0.75,38.75
1595933392_71,0,15.0,0.75,38.75
1595933392_71,1,20.0,0.75,45.0
1595933392_71,2,15.0,0.75,38.75
1595933392_71,3,9.0,0.25,17.75
1595933392_71,4,16.0,0.0,4.0
1595933392_71,5,19.0,0.75,43.75
1595933392_71,6,16.0,1.0,52.0
1595933392_71,7,19.0,0.5,29.5
1595933392_71,8,16.0,0.0,4.0
1595933392_71,9,16.0,1.0,52.0
1595933397_62,0,15.0,0.0,5.0
1595933397_62,1,5.0,1.0,30.0
1595933397_62,2,5.0,0.25,18.75
1595933397_62,3,11.0,0.0,9.0
1595933397_62,4,2.0,1.0,24.0
1595933397_62,5,5.0,0.75,26.25
1595933397_62,6,15.0,0.0,5.0
1595933397_62,7,5.0,0.0,15.0
1595933397_62,8,3.0,0.75,23.75
1595933397_62,9,6.0,0.75,27.5
1595933399_78,0,7.0,1.0,34.0
1595933399_78,1,15.0,0.75,38.75
1595933399_78,2,20.0,1.0,60.0
1595933399_78,3,19.0,0.5,29.5
1595933399_78,4,20.0,0.0,0.0
1595933399_78,5,10.0,0.0,10.0
1595933399_78,6,5.0,0.5,22.5
1595933399_78,7,13.0,0.75,36.25
1595933399_78,8,16.0,0.25,16.0
1595933399_78,9,8.0,1.0,36.0
1595933409_85,0,12.0,0.75,35.0
1595933409_85,1,15.0,0.5,27.5
1595933409_85,2,20.0,1.0,60.0
1595933409_85,3,15.0,0.25,16.25
1595933409_85,4,20.0,0.5,30.0
1595933409_85,5,20.0,0.25,15.0
1595933409_85,6,20.0,1.0,60.0
1595933409_85,7,20.0,1.0,60.0
1595933409_85,8,16.0,0.0,4.0
1595933409_85,9,17.0,0.0,3.0
1595933420_24,0,13.0,0.75,36.25
1595933420_24,1,15.0,0.5,27.5
1595933420_24,2,11.0,0.0,9.0
1595933420_24,3,13.0,0.75,36.25
1595933420_24,4,16.0,0.25,16.0
1595933420_24,5,12.0,0.25,17.0
1595933420_24,6,13.0,0.25,16.75
1595933420_24,7,8.0,0.0,12.0
1595933420_24,8,11.0,0.0,9.0
1595933420_24,9,5.0,0.5,22.5
1595933420_48,0,14.0,0.5,27.0
1595933420_48,1,14.0,0.0,6.0
1595933420_48,2,16.0,0.5,28.0
1595933420_48,3,15.0,0.75,38.75
1595933420_48,4,13.0,0.5,26.5
1595933420_48,5,13.0,0.25,16.75
1595933420_48,6,12.0,0.75,35.0
1595933420_48,7,12.0,1.0,44.0
1595933420_48,8,16.0,0.0,4.0
1595933420_48,9,19.0,0.0,1.0
1595933422_70,0,10.0,0.0,10.0
1595933422_70,1,15.0,1.0,50.0
1595933422_70,2,10.0,0.0,10.0
1595933422_70,3,15.0,0.25,16.25
1595933422_70,4,15.0,0.25,16.25
1595933422_70,5,10.0,1.0,40.0
1595933422_70,6,15.0,0.5,27.5
1595933422_70,7,10.0,0.25,17.5
1595933422_70,8,15.0,0.5,27.5
1595933422_70,9,10.0,0.5,25.0
1595933428_15,0,15.0,0.5,27.5
1595933428_15,1,15.0,0.0,5.0
1595933428_15,2,14.0,0.25,16.5
1595933428_15,3,13.0,0.5,26.5
1595933428_15,4,13.0,0.0,7.0
1595933428_15,5,15.0,1.0,50.0
1595933428_15,6,14.0,1.0,48.0
1595933428_15,7,16.0,0.0,4.0
1595933428_15,8,15.0,0.25,16.25
1595933428_15,9,14.0,1.0,48.0
1595933429_16,0,5.0,1.0,30.0
1595933429_16,1,7.0,0.25,18.25
1595933429_16,2,5.0,0.5,22.5
1595933429_16,3,5.0,0.75,26.25
1595933429_16,4,5.0,0.0,15.0
1595933429_16,5,7.0,0.5,23.5
1595933429_16,6,5.0,0.5,22.5
1595933429_16,7,12.0,0.25,17.0
1595933429_16,8,5.0,0.5,22.5
1595933429_16,9,3.0,0.75,23.75
1595933435_69,0,15.0,0.5,27.5
1595933435_69,1,18.0,0.0,2.0
1595933435_69,2,17.0,1.0,54.0
1595933435_69,3,17.0,0.75,41.25
1595933435_69,4,18.0,0.0,2.0
1595933435_69,5,19.0,0.25,15.25
1595933435_69,6,20.0,0.0,0.0
1595933435_69,7,16.0,0.5,28.0
1595933435_69,8,18.0,1.0,56.0
1595933435_69,9,16.0,0.75,40.0
1595933441_46,0,13.0,0.25,16.75
1595933441_46,1,14.0,0.5,27.0
1595933441_46,2,14.0,0.25,16.5
1595933441_46,3,14.0,1.0,48.0
1595933441_46,4,13.0,0.0,7.0
1595933441_46,5,14.0,0.75,37.5
1595933441_46,6,15.0,0.0,5.0
1595933441_46,7,15.0,0.25,16.25
1595933441_46,8,15.0,0.75,38.75
1595933441_46,9,15.0,0.0,5.0
1595933441_78,0,10.0,0.0,10.0
1595933441_78,1,11.0,1.0,42.0
1595933441_78,2,11.0,0.25,17.25
1595933441_78,3,14.0,0.75,37.5
1595933441_78,4,14.0,0.25,16.5
1595933441_78,5,16.0,0.0,4.0
1595933441_78,6,18.0,0.25,15.5
1595933441_78,7,19.0,0.0,1.0
1595933441_78,8,18.0,1.0,56.0
1595933441_78,9,19.0,0.5,29.5
1595933443_61,0,20.0,0.25,15.0
1595933443_61,1,20.0,0.75,45.0
1595933443_61,2,20.0,0.0,0.0
1595933443_61,3,20.0,0.0,0.0
1595933443_61,4,20.0,0.25,15.0
1595933443_61,5,20.0,1.0,60.0
1595933443_61,6,20.0,0.5,30.0
1595933443_61,7,20.0,0.5,30.0
1595933443_61,8,20.0,0.75,45.0
1595933443_61,9,20.0,0.75,45.0
1595933449_57,0,15.0,0.5,27.5
1595933449_57,1,15.0,0.5,27.5
1595933449_57,2,20.0,0.75,45.0
1595933449_57,3,20.0,0.5,30.0
1595933449_57,4,20.0,1.0,60.0
1595933449_57,5,20.0,1.0,60.0
1595933449_57,6,15.0,0.75,38.75
1595933449_57,7,20.0,0.75,45.0
1595933449_57,8,20.0,0.5,30.0
1595933449_57,9,20.0,1.0,60.0
1595933451_43,0,5.0,0.25,18.75
1595933451_43,1,15.0,0.0,5.0
1595933451_43,2,5.0,0.5,22.5
1595933451_43,3,10.0,0.5,25.0
1595933451_43,4,15.0,0.0,5.0
1595933451_43,5,5.0,0.0,15.0
1595933451_43,6,5.0,1.0,30.0
1595933451_43,7,5.0,0.0,15.0
1595933451_43,8,10.0,0.5,25.0
1595933451_43,9,10.0,0.75,32.5
1595933452_13,0,14.0,0.0,6.0
1595933452_13,1,7.0,0.5,23.5
1595933452_13,2,14.0,0.75,37.5
1595933452_13,3,15.0,0.75,38.75
1595933452_13,4,7.0,0.5,23.5
1595933452_13,5,15.0,0.0,5.0
1595933452_13,6,18.0,1.0,56.0
1595933452_13,7,4.0,1.0,28.0
1595933452_13,8,18.0,0.0,2.0
1595933452_13,9,13.0,0.5,26.5
1595933454_36,0,15.0,0.5,27.5
1595933454_36,1,17.0,0.5,28.5
1595933454_36,2,17.0,0.5,28.5
1595933454_36,3,20.0,0.25,15.0
1595933454_36,4,20.0,1.0,60.0
1595933454_36,5,5.0,0.0,15.0
1595933454_36,6,17.0,0.0,3.0
1595933454_36,7,17.0,0.25,15.75
1595933454_36,8,18.0,0.5,29.0
1595933454_36,9,16.0,0.5,28.0
1595933454_92,0,5.0,1.0,30.0
1595933454_92,1,10.0,0.75,32.5
1595933454_92,2,20.0,0.5,30.0
1595933454_92,3,17.0,1.0,54.0
1595933454_92,4,18.0,0.25,15.5
1595933454_92,5,15.0,0.0,5.0
1595933454_92,6,15.0,0.5,27.5
1595933454_92,7,9.0,0.75,31.25
1595933454_92,8,15.0,0.75,38.75
1595933454_92,9,19.0,0.25,15.25
1595933460_87,0,12.0,0.5,26.0
1595933460_87,1,14.0,0.25,16.5
1595933460_87,2,12.0,1.0,44.0
1595933460_87,3,12.0,0.25,17.0
1595933460_87,4,13.0,0.25,16.75
1595933460_87,5,14.0,0.0,6.0
1595933460_87,6,12.0,0.0,8.0
1595933460_87,7,14.0,0.25,16.5
1595933460_87,8,13.0,1.0,46.0
1595933460_87,9,13.0,0.75,36.25
1595933464_83,0,13.0,0.25,16.75
1595933464_83,1,13.0,1.0,46.0
1595933464_83,2,14.0,0.75,37.5
1595933464_83,3,13.0,0.5,26.5
1595933464_83,4,14.0,1.0,48.0
1595933464_83,5,13.0,0.0,7.0
1595933464_83,6,14.0,0.25,16.5
1595933464_83,7,14.0,1.0,48.0
1595933464_83,8,14.0,0.0,6.0
1595933464_83,9,14.0,0.5,27.0
1595933485_42,0,12.0,0.25,17.0
1595933485_42,1,13.0,1.0,46.0
1595933485_42,2,15.0,0.0,5.0
1595933485_42,3,14.0,1.0,48.0
1595933485_42,4,14.0,0.5,27.0
1595933485_42,5,15.0,0.75,38.75
1595933485_42,6,15.0,0.25,16.25
1595933485_42,7,15.0,1.0,50.0
1595933485_42,8,15.0,0.75,38.75
1595933485_42,9,15.0,0.25,16.25
1595933500_27,0,15.0,0.75,38.75
1595933500_27,1,15.0,1.0,50.0
1595933500_27,2,20.0,1.0,60.0
1595933500_27,3,15.0,0.25,16.25
1595933500_27,4,19.0,0.5,29.5
1595933500_27,5,15.0,0.5,27.5
1595933500_27,6,15.0,0.0,5.0
1595933500_27,7,13.0,0.75,36.25
1595933500_27,8,13.0,0.5,26.5
1595933500_27,9,13.0,0.25,16.75
1595933510_61,0,18.0,0.25,15.5
1595933510_61,1,15.0,0.25,16.25
1595933510_61,2,10.0,0.5,25.0
1595933510_61,3,5.0,1.0,30.0
1595933510_61,4,0.0,0.0,20.0
1595933510_61,5,5.0,0.75,26.25
1595933510_61,6,15.0,0.5,27.5
1595933510_61,7,11.0,1.0,42.0
1595933510_61,8,9.0,0.5,24.5
1595933510_61,9,20.0,0.5,30.0
1595933511_26,0,15.0,0.75,38.75
1595933511_26,1,20.0,0.75,45.0
1595933511_26,2,15.0,1.0,50.0
1595933511_26,3,20.0,1.0,60.0
1595933511_26,4,15.0,0.25,16.25
1595933511_26,5,20.0,0.0,0.0
1595933511_26,6,15.0,0.25,16.25
1595933511_26,7,13.0,0.75,36.25
1595933511_26,8,12.0,0.75,35.0
1595933511_26,9,20.0,0.25,15.0
1595933513_9,0,15.0,0.0,5.0
1595933513_9,1,5.0,1.0,30.0
1595933513_9,2,10.0,0.5,25.0
1595933513_9,3,10.0,0.75,32.5
1595933513_9,4,15.0,0.25,16.25
1595933513_9,5,5.0,0.75,26.25
1595933513_9,6,10.0,0.0,10.0
1595933513_9,7,5.0,0.5,22.5
1595933513_9,8,10.0,0.0,10.0
1595933513_9,9,4.0,0.25,19.0
1595933514_6,0,11.0,1.0,42.0
1595933514_6,1,14.0,0.25,16.5
1595933514_6,2,18.0,0.0,2.0
1595933514_6,3,5.0,0.0,15.0
1595933514_6,4,11.0,0.0,9.0
1595933514_6,5,18.0,0.75,42.5
1595933514_6,6,20.0,0.0,0.0
1595933514_6,7,15.0,0.5,27.5
1595933514_6,8,14.0,0.75,37.5
1595933514_6,9,17.0,0.5,28.5
1595933519_94,0,9.0,0.25,17.75
1595933519_94,1,7.0,0.5,23.5
1595933519_94,2,17.0,0.75,41.25
1595933519_94,3,20.0,0.25,15.0
1595933519_94,4,4.0,0.0,16.0
1595933519_94,5,18.0,1.0,56.0
1595933519_94,6,16.0,0.25,16.0
1595933519_94,7,18.0,0.25,15.5
1595933519_94,8,19.0,0.5,29.5
1595933519_94,9,15.0,0.0,5.0
1595933548_7,0,17.0,0.5,28.5
1595933548_7,1,14.0,0.0,6.0
1595933548_7,2,7.0,1.0,34.0
1595933548_7,3,15.0,0.75,38.75
1595933548_7,4,12.0,0.75,35.0
1595933548_7,5,13.0,0.5,26.5
1595933548_7,6,10.0,0.0,10.0
1595933548_7,7,13.0,0.75,36.25
1595933548_7,8,13.0,1.0,46.0
1595933548_7,9,14.0,1.0,48.0
1595933552_47,0,9.0,0.0,11.0
1595933552_47,1,5.0,0.0,15.0
1595933552_47,2,7.0,0.75,28.75
1595933552_47,3,11.0,1.0,42.0
1595933552_47,4,9.0,1.0,38.0
1595933552_47,5,11.0,0.25,17.25
1595933552_47,6,12.0,1.0,44.0
1595933552_47,7,9.0,0.0,11.0
1595933552_47,8,11.0,0.0,9.0
1595933552_47,9,10.0,1.0,40.0
1595933561_96,0,15.0,0.5,27.5
1595933561_96,1,12.0,1.0,44.0
1595933561_96,2,14.0,1.0,48.0
1595933561_96,3,15.0,1.0,50.0
1595933561_96,4,8.0,0.0,12.0
1595933561_96,5,15.0,0.0,5.0
1595933561_96,6,15.0,0.75,38.75
1595933561_96,7,18.0,1.0,56.0
1595933561_96,8,13.0,1.0,46.0
1595933561_96,9,15.0,0.5,27.5
1595933567_56,0,15.0,0.5,27.5
1595933567_56,1,16.0,0.0,4.0
1595933567_56,2,12.0,1.0,44.0
1595933567_56,3,13.0,0.0,7.0
1595933567_56,4,16.0,0.25,16.0
1595933567_56,5,16.0,0.25,16.0
1595933567_56,6,17.0,0.25,15.75
1595933567_56,7,16.0,0.5,28.0
1595933567_56,8,14.0,0.5,27.0
1595933567_56,9,18.0,0.25,15.5
1595933569_22,0,15.0,1.0,50.0
1595933569_22,1,15.0,0.5,27.5
1595933569_22,2,12.0,1.0,44.0
1595933569_22,3,15.0,0.25,16.25
1595933569_22,4,11.0,0.0,9.0
1595933569_22,5,5.0,0.5,22.5
1595933569_22,6,7.0,0.5,23.5
1595933569_22,7,15.0,0.25,16.25
1595933569_22,8,6.0,0.5,23.0
1595933569_22,9,7.0,0.5,23.5
1595933581_31,0,15.0,0.0,5.0
1595933581_31,1,5.0,0.0,15.0
1595933581_31,2,0.0,0.0,20.0
1595933581_31,3,1.0,0.0,19.0
1595933581_31,4,4.0,0.5,22.0
1595933581_31,5,1.0,0.5,20.5
1595933581_31,6,1.0,0.75,21.25
1595933581_31,7,1.0,0.0,19.0
1595933581_31,8,9.0,1.0,38.0
1595933581_31,9,12.0,0.0,8.0
1595933589_64,0,11.0,0.5,25.5
1595933589_64,1,13.0,0.5,26.5
1595933589_64,2,13.0,0.75,36.25
1595933589_64,3,15.0,1.0,50.0
1595933589_64,4,16.0,0.75,40.0
1595933589_64,5,17.0,1.0,54.0
1595933589_64,6,17.0,0.0,3.0
1595933589_64,7,19.0,0.75,43.75
1595933589_64,8,17.0,1.0,54.0
1595933589_64,9,18.0,0.0,2.0
1595933599_32,0,15.0,0.5,27.5
1595933599_32,1,15.0,0.75,38.75
1595933599_32,2,15.0,0.5,27.5
1595933599_32,3,14.0,1.0,48.0
1595933599_32,4,13.0,0.75,36.25
1595933599_32,5,13.0,1.0,46.0
1595933599_32,6,14.0,0.0,6.0
1595933599_32,7,14.0,1.0,48.0
1595933599_32,8,14.0,0.5,27.0
1595933599_32,9,13.0,1.0,46.0
1595933613_7,0,5.0,0.25,18.75
1595933613_7,1,15.0,1.0,50.0
1595933613_7,2,20.0,1.0,60.0
1595933613_7,3,17.0,0.25,15.75
1595933613_7,4,18.0,0.0,2.0
1595933613_7,5,11.0,0.25,17.25
1595933613_7,6,13.0,0.75,36.25
1595933613_7,7,15.0,0.25,16.25
1595933613_7,8,8.0,0.75,30.0
1595933613_7,9,17.0,1.0,54.0
1595933619_29,0,20.0,0.5,30.0
1595933619_29,1,20.0,1.0,60.0
1595933619_29,2,20.0,0.25,15.0
1595933619_29,3,20.0,0.75,45.0
1595933619_29,4,20.0,1.0,60.0
1595933619_29,5,20.0,0.25,15.0
1595933619_29,6,20.0,0.0,0.0
1595933619_29,7,20.0,1.0,60.0
1595933619_29,8,20.0,0.0,0.0
1595933619_29,9,20.0,1.0,60.0
1595933633_69,0,20.0,0.0,0.0
1595933633_69,1,9.0,0.75,31.25
1595933633_69,2,5.0,0.75,26.25
1595933633_69,3,5.0,0.25,18.75
1595933633_69,4,7.0,0.5,23.5
1595933633_69,5,7.0,0.5,23.5
1595933633_69,6,13.0,0.0,7.0
1595933633_69,7,7.0,0.0,13.0
1595933633_69,8,11.0,0.5,25.5
1595933633_69,9,8.0,0.5,24.0
1595933645_78,0,15.0,1.0,50.0
1595933645_78,1,20.0,0.0,0.0
1595933645_78,2,15.0,0.5,27.5
1595933645_78,3,15.0,0.75,38.75
1595933645_78,4,10.0,0.0,10.0
1595933645_78,5,15.0,1.0,50.0
1595933645_78,6,15.0,0.0,5.0
1595933645_78,7,15.0,0.25,16.25
1595933645_78,8,16.0,0.0,4.0
1595933645_78,9,15.0,0.25,16.25
1595933657_56,0,20.0,0.75,45.0
1595933657_56,1,20.0,0.25,15.0
1595933657_56,2,20.0,0.75,45.0
1595933657_56,3,20.0,0.5,30.0
1595933657_56,4,20.0,1.0,60.0
1595933657_56,5,20.0,0.0,0.0
1595933657_56,6,20.0,0.25,15.0
1595933657_56,7,20.0,0.0,0.0
1595933657_56,8,20.0,0.25,15.0
1595933657_56,9,20.0,0.5,30.0
1595933663_80,0,15.0,0.0,5.0
1595933663_80,1,15.0,0.0,5.0
1595933663_80,2,20.0,0.75,45.0
1595933663_80,3,20.0,0.25,15.0
1595933663_80,4,20.0,0.5,30.0
1595933663_80,5,19.0,0.0,1.0
1595933663_80,6,14.0,0.0,6.0
1595933663_80,7,15.0,0.25,16.25
1595933663_80,8,15.0,0.5,27.5
1595933663_80,9,19.0,1.0,58.0
1595933665_63,0,14.0,0.5,27.0
1595933665_63,1,18.0,1.0,56.0
1595933665_63,2,17.0,0.0,3.0
1595933665_63,3,15.0,0.5,27.5
1595933665_63,4,16.0,0.0,4.0
1595933665_63,5,14.0,0.25,16.5
1595933665_63,6,17.0,0.0,3.0
1595933665_63,7,16.0,0.75,40.0
1595933665_63,8,17.0,0.25,15.75
1595933665_63,9,17.0,0.75,41.25
1595933679_95,0,17.0,0.75,41.25
1595933679_95,1,17.0,0.5,28.5
1595933679_95,2,20.0,0.25,15.0
1595933679_95,3,9.0,0.0,11.0
1595933679_95,4,18.0,0.25,15.5
1595933679_95,5,19.0,0.0,1.0
1595933679_95,6,16.0,0.75,40.0
1595933679_95,7,18.0,1.0,56.0
1595933679_95,8,18.0,0.25,15.5
1595933679_95,9,19.0,0.75,43.75
1595933805_79,0,16.0,0.75,40.0
1595933805_79,1,18.0,0.25,15.5
1595933805_79,2,17.0,0.25,15.75
1595933805_79,3,19.0,0.25,15.25
1595933805_79,4,17.0,0.0,3.0
1595933805_79,5,18.0,0.0,2.0
1595933805_79,6,18.0,0.75,42.5
1595933805_79,7,18.0,1.0,56.0
1595933805_79,8,19.0,0.5,29.5
1595933805_79,9,18.0,0.25,15.5
1595933806_14,0,16.0,0.75,40.0
1595933806_14,1,16.0,1.0,52.0
1595933806_14,2,19.0,1.0,58.0
1595933806_14,3,20.0,1.0,60.0
1595933806_14,4,15.0,1.0,50.0
1595933806_14,5,17.0,1.0,54.0
1595933806_14,6,18.0,0.25,15.5
1595933806_14,7,18.0,0.25,15.5
1595933806_14,8,12.0,0.25,17.0
1595933806_14,9,14.0,0.5,27.0
1595933821_88,0,15.0,0.0,5.0
1595933821_88,1,12.0,0.5,26.0
1595933821_88,2,17.0,0.25,15.75
1595933821_88,3,7.0,0.75,28.75
1595933821_88,4,7.0,0.0,13.0
1595933821_88,5,12.0,0.5,26.0
1595933821_88,6,14.0,0.25,16.5
1595933821_88,7,3.0,0.25,19.25
1595933821_88,8,17.0,1.0,54.0
1595933821_88,9,20.0,0.25,15.0
1595933862_7,0,15.0,1.0,50.0
1595933862_7,1,20.0,0.25,15.0
1595933862_7,2,20.0,0.25,15.0
1595933862_7,3,20.0,0.5,30.0
1595933862_7,4,19.0,0.75,43.75
1595933862_7,5,17.0,0.5,28.5
1595933862_7,6,16.0,0.25,16.0
1595933862_7,7,17.0,0.5,28.5
1595933862_7,8,20.0,1.0,60.0
1595933862_7,9,19.0,0.75,43.75
1595933973_51,0,15.0,0.25,16.25
1595933973_51,1,7.0,0.75,28.75
1595933973_51,2,14.0,1.0,48.0
1595933973_51,3,13.0,0.0,7.0
1595933973_51,4,1.0,0.25,19.75
1595933973_51,5,2.0,0.0,18.0
1595933973_51,6,7.0,1.0,34.0
1595933973_51,7,5.0,0.5,22.5
1595933973_51,8,7.0,0.5,23.5
1595933973_51,9,8.0,1.0,36.0
1595934015_38,0,12.0,0.75,35.0
1595934015_38,1,12.0,1.0,44.0
1595934015_38,2,15.0,0.75,38.75
1595934015_38,3,15.0,0.5,27.5
1595934015_38,4,16.0,0.0,4.0
1595934015_38,5,17.0,0.25,15.75
1595934015_38,6,18.0,0.25,15.5
1595934015_38,7,18.0,0.25,15.5
1595934015_38,8,19.0,0.25,15.25
1595934015_38,9,19.0,1.0,58.0
1595934065_56,0,15.0,0.75,38.75
1595934065_56,1,15.0,0.75,38.75
1595934065_56,2,13.0,0.0,7.0
1595934065_56,3,13.0,0.75,36.25
1595934065_56,4,15.0,1.0,50.0
1595934065_56,5,15.0,0.5,27.5
1595934065_56,6,15.0,0.5,27.5
1595934065_56,7,15.0,0.5,27.5
1595934065_56,8,15.0,0.5,27.5
1595934065_56,9,16.0,0.5,28.0
1595934066_51,0,13.0,0.75,36.25
1595934066_51,1,14.0,1.0,48.0
1595934066_51,2,14.0,1.0,48.0
1595934066_51,3,13.0,0.5,26.5
1595934066_51,4,14.0,1.0,48.0
1595934066_51,5,14.0,1.0,48.0
1595934066_51,6,14.0,0.0,6.0
1595934066_51,7,14.0,0.75,37.5
1595934066_51,8,14.0,0.25,16.5
1595934066_51,9,14.0,0.75,37.5
1595934111_77,0,14.0,0.25,16.5
1595934111_77,1,13.0,0.5,26.5
1595934111_77,2,13.0,1.0,46.0
1595934111_77,3,13.0,0.75,36.25
1595934111_77,4,13.0,0.0,7.0
1595934111_77,5,13.0,0.0,7.0
1595934111_77,6,13.0,0.25,16.75
1595934111_77,7,12.0,0.5,26.0
1595934111_77,8,13.0,1.0,46.0
1595934111_77,9,13.0,0.0,7.0
1595934123_15,0,10.0,0.0,10.0
1595934123_15,1,15.0,0.25,16.25
1595934123_15,2,19.0,0.5,29.5
1595934123_15,3,5.0,1.0,30.0
1595934123_15,4,16.0,0.0,4.0
1595934123_15,5,20.0,1.0,60.0
1595934123_15,6,16.0,0.0,4.0
1595934123_15,7,15.0,0.75,38.75
1595934123_15,8,15.0,0.0,5.0
1595934123_15,9,15.0,0.5,27.5
1595934151_89,0,13.0,0.25,16.75
1595934151_89,1,13.0,0.25,16.75
1595934151_89,2,13.0,0.5,26.5
1595934151_89,3,13.0,0.25,16.75
1595934151_89,4,14.0,1.0,48.0
1595934151_89,5,14.0,0.75,37.5
1595934151_89,6,14.0,0.5,27.0
1595934151_89,7,14.0,1.0,48.0
1595934151_89,8,14.0,0.25,16.5
1595934151_89,9,14.0,0.25,16.5
1595934152_37,0,15.0,0.25,16.25
1595934152_37,1,20.0,0.75,45.0
1595934152_37,2,16.0,0.5,28.0
1595934152_37,3,16.0,1.0,52.0
1595934152_37,4,15.0,0.75,38.75
1595934152_37,5,16.0,0.25,16.0
1595934152_37,6,19.0,0.0,1.0
1595934152_37,7,16.0,0.75,40.0
1595934152_37,8,19.0,0.25,15.25
1595934152_37,9,16.0,0.25,16.0
1595934154_47,0,15.0,0.75,38.75
1595934154_47,1,19.0,1.0,58.0
1595934154_47,2,14.0,0.5,27.0
1595934154_47,3,15.0,1.0,50.0
1595934154_47,4,15.0,0.25,16.25
1595934154_47,5,15.0,0.5,27.5
1595934154_47,6,19.0,1.0,58.0
1595934154_47,7,15.0,0.5,27.5
1595934154_47,8,17.0,0.25,15.75
1595934154_47,9,20.0,0.0,0.0
1595934192_36,0,15.0,0.75,38.75
1595934192_36,1,14.0,0.0,6.0
1595934192_36,2,6.0,1.0,32.0
1595934192_36,3,14.0,1.0,48.0
1595934192_36,4,19.0,0.0,1.0
1595934192_36,5,4.0,0.75,25.0
1595934192_36,6,15.0,0.0,5.0
1595934192_36,7,13.0,0.25,16.75
1595934192_36,8,4.0,0.25,19.0
1595934192_36,9,10.0,1.0,40.0
1595934216_78,0,17.0,0.0,3.0
1595934216_78,1,15.0,0.25,16.25
1595934216_78,2,18.0,0.0,2.0
1595934216_78,3,13.0,0.75,36.25
1595934216_78,4,15.0,0.75,38.75
1595934216_78,5,17.0,0.75,41.25
1595934216_78,6,11.0,0.0,9.0
1595934216_78,7,18.0,0.0,2.0
1595934216_78,8,17.0,0.75,41.25
1595934216_78,9,18.0,0.0,2.0
1595934229_51,0,13.0,1.0,46.0
1595934229_51,1,13.0,0.75,36.25
1595934229_51,2,13.0,0.5,26.5
1595934229_51,3,13.0,0.5,26.5
1595934229_51,4,14.0,0.0,6.0
1595934229_51,5,12.0,0.0,8.0
1595934229_51,6,14.0,0.75,37.5
1595934229_51,7,11.0,0.0,9.0
1595934229_51,8,11.0,0.75,33.75
1595934229_51,9,11.0,0.5,25.5
1595934275_57,0,15.0,0.25,16.25
1595934275_57,1,15.0,0.75,38.75
1595934275_57,2,15.0,0.25,16.25
1595934275_57,3,15.0,0.25,16.25
1595934275_57,4,15.0,0.75,38.75
1595934275_57,5,15.0,1.0,50.0
1595934275_57,6,15.0,0.25,16.25
1595934275_57,7,15.0,1.0,50.0
1595934275_57,8,15.0,0.0,5.0
1595934275_57,9,15.0,0.75,38.75
1595934279_71,0,7.0,1.0,34.0
1595934279_71,1,15.0,0.25,16.25
1595934279_71,2,5.0,0.75,26.25
1595934279_71,3,7.0,1.0,34.0
1595934279_71,4,10.0,0.0,10.0
1595934279_71,5,7.0,0.25,18.25
1595934279_71,6,5.0,0.25,18.75
1595934279_71,7,2.0,0.25,19.5
1595934279_71,8,0.0,0.0,20.0
1595934279_71,9,5.0,0.5,22.5
1595934292_23,0,12.0,0.5,26.0
1595934292_23,1,12.0,0.25,17.0
1595934292_23,2,12.0,0.0,8.0
1595934292_23,3,14.0,1.0,48.0
1595934292_23,4,13.0,0.5,26.5
1595934292_23,5,13.0,0.0,7.0
1595934292_23,6,12.0,0.25,17.0
1595934292_23,7,12.0,1.0,44.0
1595934292_23,8,12.0,1.0,44.0
1595934292_23,9,12.0,0.75,35.0
1595934307_15,0,12.0,1.0,44.0
1595934307_15,1,12.0,1.0,44.0
1595934307_15,2,12.0,0.5,26.0
1595934307_15,3,11.0,0.25,17.25
1595934307_15,4,11.0,0.0,9.0
1595934307_15,5,11.0,0.5,25.5
1595934307_15,6,11.0,1.0,42.0
1595934307_15,7,12.0,0.75,35.0
1595934307_15,8,12.0,0.75,35.0
1595934307_15,9,11.0,0.25,17.25
1595934357_26,0,11.0,0.25,17.25
1595934357_26,1,11.0,0.5,25.5
1595934357_26,2,11.0,0.75,33.75
1595934357_26,3,11.0,0.0,9.0
1595934357_26,4,11.0,0.75,33.75
1595934357_26,5,11.0,0.5,25.5
1595934357_26,6,11.0,0.25,17.25
1595934357_26,7,11.0,1.0,42.0
1595934357_26,8,11.0,0.0,9.0
1595934357_26,9,11.0,0.75,33.75
1595934393_75,0,20.0,0.0,0.0
1595934393_75,1,15.0,0.75,38.75
1595934393_75,2,17.0,0.5,28.5
1595934393_75,3,20.0,0.0,0.0
1595934393_75,4,16.0,0.75,40.0
1595934393_75,5,18.0,0.75,42.5
1595934393_75,6,17.0,0.0,3.0
1595934393_75,7,12.0,0.5,26.0
1595934393_75,8,10.0,1.0,40.0
1595934393_75,9,7.0,0.25,18.25
1595934399_70,0,16.0,0.0,4.0
1595934399_70,1,15.0,1.0,50.0
1595934399_70,2,14.0,0.5,27.0
1595934399_70,3,15.0,0.5,27.5
1595934399_70,4,15.0,0.5,27.5
1595934399_70,5,14.0,0.25,16.5
1595934399_70,6,20.0,0.5,30.0
1595934399_70,7,15.0,0.0,5.0
1595934399_70,8,16.0,0.0,4.0
1595934399_70,9,15.0,0.5,27.5
1595934406_42,0,5.0,0.0,15.0
1595934406_42,1,5.0,0.5,22.5
1595934406_42,2,12.0,1.0,44.0
1595934406_42,3,14.0,0.75,37.5
1595934406_42,4,15.0,0.5,27.5
1595934406_42,5,17.0,1.0,54.0
1595934406_42,6,16.0,1.0,52.0
1595934406_42,7,18.0,1.0,56.0
1595934406_42,8,19.0,0.75,43.75
1595934406_42,9,20.0,0.25,15.0
1595934488_54,0,15.0,0.25,16.25
1595934488_54,1,7.0,0.0,13.0
1595934488_54,2,20.0,0.0,0.0
1595934488_54,3,12.0,0.5,26.0
1595934488_54,4,13.0,1.0,46.0
1595934488_54,5,9.0,0.0,11.0
1595934488_54,6,16.0,0.0,4.0
1595934488_54,7,14.0,0.0,6.0
1595934488_54,8,11.0,0.0,9.0
1595934488_54,9,15.0,0.5,27.5
1595934521_96,0,5.0,0.25,18.75
1595934521_96,1,4.0,0.25,19.0
1595934521_96,2,10.0,0.0,10.0
1595934521_96,3,5.0,0.0,15.0
1595934521_96,4,5.0,0.75,26.25
1595934521_96,5,5.0,0.5,22.5
1595934521_96,6,15.0,1.0,50.0
1595934521_96,7,15.0,1.0,50.0
1595934521_96,8,15.0,0.0,5.0
1595934521_96,9,20.0,0.0,0.0
